file,vehicle,end_utc,end_ns,y_full,gps_path_plausible_km
BEV1_2024-07-24_drive1.csv,BEV1,2024-07-24 06:54:03+00:00,1721804043000000000,3.110000000000582,14.758635413321027
BEV1_2024-07-24_drive2.csv,BEV1,2024-07-24 15:41:11+00:00,1721835671000000000,2.9580503113256507,14.67503109073881
BEV1_2024-07-25_drive1.csv,BEV1,2024-07-25 07:53:04+00:00,1721893984000000000,3.816000000000713,22.511921856260507
BEV1_2024-07-25_drive2.csv,BEV1,2024-07-25 16:28:56+00:00,1721924936000000000,2.087999999999738,17.567144268448473
BEV1_2024-07-25_drive3.csv,BEV1,2024-07-25 17:12:59+00:00,1721927579000000000,0.8220498318660208,4.241332865595166
BEV1_2024-07-27_drive1.csv,BEV1,2024-07-27 07:55:39+00:00,1722066939000000000,10.244063412891077,47.66343177233314
BEV1_2024-07-27_drive3.csv,BEV1,2024-07-27 12:58:56+00:00,1722085136000000000,6.1120000000009895,33.809109973557355
BEV1_2024-07-27_drive4.csv,BEV1,2024-07-27 14:51:23+00:00,1722091883000000000,7.45411285675305,45.6715617762703
BEV1_2024-07-29_drive1.csv,BEV1,2024-07-29 06:38:44+00:00,1722235124000000000,2.613999999997759,21.225613683622434
BEV1_2024-07-29_drive2.csv,BEV1,2024-07-29 17:03:14+00:00,1722272594000000000,3.77599999999984,23.40814428052285
BEV1_2024-07-30_drive1.csv,BEV1,2024-07-30 07:13:26+00:00,1722323606000000000,3.058049885802059,14.34175475343979
BEV1_2024-07-30_drive2.csv,BEV1,2024-07-30 15:56:19+00:00,1722354979000000000,3.5287188498198985,14.381389745142634
BEV1_2024-07-31_drive1.csv,BEV1,2024-07-31 06:36:39+00:00,1722407799000000000,3.048000000000684,20.905772386754585
BEV1_2024-07-31_drive2.csv,BEV1,2024-07-31 16:39:18+00:00,1722443958000000000,5.11409878542874,32.14480880882378
BEV1_2024-07-31_drive3.csv,BEV1,2024-07-31 17:45:48+00:00,1722447948000000000,0.9220646512559036,4.941165557983426
BEV1_2024-08-01_drive1.csv,BEV1,2024-08-01 07:08:32+00:00,1722496112000000000,3.118053835115796,15.11754980359898
BEV1_2024-08-01_drive2.csv,BEV1,2024-08-01 16:17:12+00:00,1722529032000000000,3.2140496460781915,14.357224232367054
BEV1_2024-08-02_drive1.csv,BEV1,2024-08-02 09:09:05+00:00,1722589745000000000,3.73598981639341,16.788983732352705
BEV1_2024-08-06_drive1.csv,BEV1,2024-08-06 16:16:21+00:00,1722960981000000000,2.760048966167475,21.98332272521295
BEV1_2024-08-06_drive2.csv,BEV1,2024-08-06 17:47:03+00:00,1722966423000000000,0.4400492248390681,1.0643773306934228
BEV1_2024-08-06_drive3.csv,BEV1,2024-08-06 18:31:23+00:00,1722969083000000000,0.3260694033128189,1.2318974396690985
BEV1_2024-08-08_drive1.csv,BEV1,2024-08-08 05:50:39+00:00,1723096239000000000,2.6199999999989814,20.07540527721473
BEV1_2024-08-10_drive1.csv,BEV1,2024-08-10 06:39:45+00:00,1723271985000000000,0.9320000000006984,1.251733109896746
BEV1_2024-08-10_drive2.csv,BEV1,2024-08-10 09:07:52+00:00,1723280872000000000,32.08199999999852,143.57821067948635
BEV1_2024-08-10_drive3.csv,BEV1,2024-08-10 10:53:22+00:00,1723287202000000000,1.6000722788575488,10.138290490538708
BEV1_2024-08-10_drive4.csv,BEV1,2024-08-10 22:18:14+00:00,1723328294000000000,48.16599999999926,201.23654811817465
BEV1_2024-08-10_drive5.csv,BEV1,2024-08-10 23:30:23+00:00,1723332623000000000,5.902104712831456,31.03927593217707
BEV1_2024-08-11_drive1.csv,BEV1,2024-08-11 07:09:06+00:00,1723360146000000000,0.8280772802739229,5.280606900342455
BEV1_2024-08-11_drive2.csv,BEV1,2024-08-11 08:27:02+00:00,1723364822000000000,12.547999999998863,60.73676859632669
BEV1_2024-08-29_drive1.csv,BEV1,2024-08-29 15:59:24+00:00,1724947164000000000,3.1859999999996944,20.870890644607883
BEV1_2024-08-30_drive1.csv,BEV1,2024-08-30 06:55:38+00:00,1725000938000000000,1.1960522946020156,8.690508607591703
BEV1_2024-08-30_drive2.csv,BEV1,2024-08-30 10:36:30+00:00,1725014190000000000,4.032048831626675,25.66994166730632
BEV1_2024-08-31_drive1.csv,BEV1,2024-08-31 19:11:33+00:00,1725131493000000000,0.8320506659608483,5.499775910221644
BEV1_2024-08-31_drive2.csv,BEV1,2024-08-31 21:03:56+00:00,1725138236000000000,0.7080720122520433,5.256934927247567
BEV1_2024-09-01_drive3.csv,BEV1,2024-09-01 14:11:26+00:00,1725199886000000000,2.959999999999127,15.727599352846322
BEV1_2024-09-01_drive5.csv,BEV1,2024-09-01 19:35:22+00:00,1725219322000000000,22.314000000000306,98.9104579010064
BEV1_2024-09-02_drive1.csv,BEV1,2024-09-02 07:05:32+00:00,1725260732000000000,0.797999999998865,2.389657222490684
BEV1_2024-09-02_drive2.csv,BEV1,2024-09-02 16:31:51+00:00,1725294711000000000,0.6460495507326672,2.4640399340180164
BEV1_2024-09-03_drive1.csv,BEV1,2024-09-03 09:25:30+00:00,1725355530000000000,14.179999999998472,61.96740006142744
BEV1_2024-09-03_drive2.csv,BEV1,2024-09-03 12:31:18+00:00,1725366678000000000,41.27599999999984,195.2391550487196
BEV1_2024-09-03_drive3.csv,BEV1,2024-09-03 13:01:24+00:00,1725368484000000000,0.4300249644646015,2.2328064041654296
BEV1_2024-09-03_drive5.csv,BEV1,2024-09-03 17:18:45+00:00,1725383925000000000,0.7440486823781565,4.44023860146031
BEV1_2024-09-03_drive6.csv,BEV1,2024-09-03 19:11:22+00:00,1725390682000000000,0.7520471614097115,4.469119038734317
BEV1_2024-09-04_drive1.csv,BEV1,2024-09-04 06:46:57+00:00,1725432417000000000,4.083999999998923,23.06203175851464
BEV1_2024-09-17_drive1.csv,BEV1,2024-09-17 16:11:45+00:00,1726589505000000000,0.0880496729633826,0.5483229153458209
BEV1_2024-09-18_drive1.csv,BEV1,2024-09-18 07:53:25+00:00,1726646005000000000,3.866049314549592,21.86771564168521
BEV1_2024-09-18_drive2.csv,BEV1,2024-09-18 16:49:33+00:00,1726678173000000000,2.570000000001528,22.596086796887608
BEV1_2024-09-18_drive3.csv,BEV1,2024-09-18 19:41:12+00:00,1726688472000000000,0.3600494781081832,2.047204216133029
BEV1_2024-09-18_drive4.csv,BEV1,2024-09-18 20:49:14+00:00,1726692554000000000,0.3080501535319578,1.9289208185033653
BEV1_2024-09-19_drive1.csv,BEV1,2024-09-19 07:06:38+00:00,1726729598000000000,2.6680500149904303,14.87390005043116
BEV1_2024-09-19_drive2.csv,BEV1,2024-09-19 15:50:30+00:00,1726761030000000000,3.3520512405517744,15.18035357930234
BEV1_2024-09-20_drive1.csv,BEV1,2024-09-20 06:41:28+00:00,1726814488000000000,3.0440489815047784,21.021271941625024
BEV1_2024-09-20_drive2.csv,BEV1,2024-09-20 12:56:06+00:00,1726836966000000000,2.127999999998792,15.386418422341146
BEV1_2024-09-20_drive3.csv,BEV1,2024-09-20 16:41:29+00:00,1726850489000000000,1.5300513273037757,9.1242741805917
BEV1_2024-09-21_drive1.csv,BEV1,2024-09-21 09:58:12+00:00,1726912692000000000,13.791999999999462,74.20619285898198
BEV1_2024-09-21_drive2.csv,BEV1,2024-09-21 18:22:02+00:00,1726942922000000000,14.898000000001048,84.32074947363576
BEV1_2024-09-22_drive1.csv,BEV1,2024-09-22 09:31:57+00:00,1726997517000000000,0.1300000000010186,0.1577558466308778
BEV1_2024-09-22_drive2.csv,BEV1,2024-09-22 14:51:13+00:00,1727016673000000000,0.1000000000003638,0.1592086371735267
BEV1_2024-09-23_drive1.csv,BEV1,2024-09-23 06:51:20+00:00,1727074280000000000,4.260000000000218,24.43223727388633
BEV1_2024-09-23_drive2.csv,BEV1,2024-09-23 16:48:09+00:00,1727110089000000000,2.568101593334452,22.733516559835884
BEV1_2024-09-24_drive1.csv,BEV1,2024-09-24 08:44:38+00:00,1727167478000000000,1.280048459020526,8.476919037180231
BEV1_2024-09-24_drive2.csv,BEV1,2024-09-24 11:47:26+00:00,1727178446000000000,3.2699999999986176,15.485265792372546
BEV1_2024-09-24_drive3.csv,BEV1,2024-09-24 16:57:50+00:00,1727197070000000000,2.7620000000006257,21.473275905205224
BEV1_2024-09-25_drive1.csv,BEV1,2024-09-25 08:04:55+00:00,1727251495000000000,2.9980490753354743,21.233336008985862
BEV1_2024-09-25_drive2.csv,BEV1,2024-09-25 16:00:52+00:00,1727280052000000000,2.478186180510602,21.18600253189046
BEV1_2024-09-26_drive1.csv,BEV1,2024-09-26 06:42:50+00:00,1727332970000000000,3.2960495358960618,14.327616214236029
BEV1_2024-09-26_drive2.csv,BEV1,2024-09-26 16:14:05+00:00,1727367245000000000,2.800098926416594,17.090979104711774
BEV1_2024-09-27_drive1.csv,BEV1,2024-09-27 06:48:56+00:00,1727419736000000000,3.786184507881672,23.40828092268636
BEV1_2024-10-01_drive1.csv,BEV1,2024-10-01 17:39:33+00:00,1727804373000000000,2.8040984362226244,21.289337933121026
BEV1_2024-10-02_drive1.csv,BEV1,2024-10-02 07:37:35+00:00,1727854655000000000,3.944049818727338,22.47933778498489
BEV1_2024-10-02_drive2.csv,BEV1,2024-10-02 10:39:29+00:00,1727865569000000000,11.872048444726165,54.31129094640865
BEV1_2024-10-02_drive3.csv,BEV1,2024-10-02 15:45:20+00:00,1727883920000000000,12.505999999999403,63.650251239949824
BEV1_2024-10-03_drive1.csv,BEV1,2024-10-03 07:07:25+00:00,1727939245000000000,4.650048129436511,24.97687793040376
BEV1_2024-10-03_drive3.csv,BEV1,2024-10-03 16:56:41+00:00,1727974601000000000,3.066000000000713,21.715825597246425
BEV1_2024-10-04_drive1.csv,BEV1,2024-10-04 06:48:43+00:00,1728024523000000000,3.7100481588108942,22.671035626563835
BEV1_2024-10-20_drive1.csv,BEV1,2024-10-20 11:00:43+00:00,1729422043000000000,1.8960000000006405,10.795083387624077
BEV1_2024-10-20_drive2.csv,BEV1,2024-10-20 12:05:27+00:00,1729425927000000000,1.415999999999258,8.258460856739754
BEV1_2024-10-22_drive1.csv,BEV1,2024-10-22 06:25:21+00:00,1729578321000000000,3.326123524323352,15.595576489666492
BEV1_2024-10-22_drive2.csv,BEV1,2024-10-22 15:34:28+00:00,1729611268000000000,2.928115613697184,15.398630746776726
BEV1_2024-10-24_drive1.csv,BEV1,2024-10-24 06:43:45+00:00,1729752225000000000,3.148095109665011,15.88451216391162
BEV1_2024-10-24_drive2.csv,BEV1,2024-10-24 15:45:31+00:00,1729784731000000000,2.9580000000005384,14.82673141100268
BEV1_2024-10-24_drive3.csv,BEV1,2024-10-24 20:04:49+00:00,1729800289000000000,0.1800532180078136,0.1844689905180861
BEV1_2024-10-25_drive1.csv,BEV1,2024-10-25 06:45:35+00:00,1729838735000000000,3.198049197240972,15.14636863914664
BEV1_2024-10-25_drive2.csv,BEV1,2024-10-25 16:02:17+00:00,1729872137000000000,2.8680996461192185,14.642142547982267
BEV1_2024-10-27_drive1.csv,BEV1,2024-10-27 11:46:15+00:00,1730029575000000000,5.91211818059316,31.09375752660933
BEV1_2024-10-27_drive2.csv,BEV1,2024-10-27 14:55:50+00:00,1730040950000000000,8.394000000000233,43.93690444044199
BEV1_2024-10-27_drive3.csv,BEV1,2024-10-27 19:36:29+00:00,1730057789000000000,0.2440493305847831,0.1509359919083398
BEV1_2024-10-28_drive1.csv,BEV1,2024-10-28 07:50:20+00:00,1730101820000000000,3.144098558898972,15.6487955178023
BEV1_2024-10-28_drive2.csv,BEV1,2024-10-28 16:59:24+00:00,1730134764000000000,3.091999999998734,15.279530289480586
BEV1_2024-10-29_drive1.csv,BEV1,2024-10-29 07:16:53+00:00,1730186213000000000,2.8700493608730526,20.99881232143788
BEV1_2024-10-29_drive2.csv,BEV1,2024-10-29 19:04:47+00:00,1730228687000000000,3.6779999999980646,24.05413538312857
BEV1_2024-10-30_drive1.csv,BEV1,2024-10-30 14:18:56+00:00,1730297936000000000,5.904000000000451,28.36818414785988
BEV1_2024-10-30_drive2.csv,BEV1,2024-10-30 19:33:57+00:00,1730316837000000000,2.930000000000291,11.245213459943248
BEV1_2024-10-31_drive1.csv,BEV1,2024-10-31 08:35:22+00:00,1730363722000000000,4.66399999999885,22.045860794728107
BEV1_2024-10-31_drive4.csv,BEV1,2024-10-31 17:23:21+00:00,1730395401000000000,8.972307224318671,40.52354734283989
BEV1_2024-10-31_drive5.csv,BEV1,2024-10-31 19:32:48+00:00,1730403168000000000,22.29416500500312,85.57714062199689
BEV1_2024-11-01_drive1.csv,BEV1,2024-11-01 15:27:13+00:00,1730474833000000000,0.9123255958361705,2.78759240204444
BEV1_2024-11-02_drive1.csv,BEV1,2024-11-02 09:36:12+00:00,1730540172000000000,0.1863911000095525,0.4416986291623815
BEV1_2024-11-02_drive2.csv,BEV1,2024-11-02 12:53:48+00:00,1730552028000000000,11.73440227455619,53.26249898485328
BEV1_2024-11-02_drive3.csv,BEV1,2024-11-02 14:34:00+00:00,1730558040000000000,6.138000000002648,38.27815128518682
BEV1_2024-11-02_drive4.csv,BEV1,2024-11-02 18:44:00+00:00,1730573040000000000,15.371999999999389,66.09107175762752
BEV1_2024-11-04_drive2.csv,BEV1,2024-11-04 16:56:31+00:00,1730739391000000000,3.610179866368284,15.778033331453972
BEV1_2024-11-05_drive1.csv,BEV1,2024-11-05 07:18:40+00:00,1730791120000000000,3.702218246996716,20.976541363734743
BEV1_2024-11-05_drive2.csv,BEV1,2024-11-05 17:11:52+00:00,1730826712000000000,4.356590722552361,22.50647804435908
BEV1_2024-11-06_drive1.csv,BEV1,2024-11-06 08:50:39+00:00,1730883039000000000,4.644000000000233,22.348493274950386
BEV1_2024-11-06_drive3.csv,BEV1,2024-11-06 18:58:26+00:00,1730919506000000000,0.5399999999972351,2.1925398345505367
BEV1_2024-11-06_drive4.csv,BEV1,2024-11-06 20:13:27+00:00,1730924007000000000,0.4639999999999418,1.8562384384864528
BEV1_2024-11-07_drive1.csv,BEV1,2024-11-07 07:55:16+00:00,1730966116000000000,3.5862682670208264,15.092697296998905
BEV1_2024-11-07_drive2.csv,BEV1,2024-11-07 16:56:41+00:00,1730998601000000000,3.86855639628079,15.236204964151582
BEV1_2024-11-08_drive2.csv,BEV1,2024-11-08 12:28:59+00:00,1731068939000000000,1.55207865219647,8.648206666081098
BEV1_2024-11-08_drive3.csv,BEV1,2024-11-08 18:10:17+00:00,1731089417000000000,1.1943535788452837,6.60955907488347
BEV1_2024-11-08_drive4.csv,BEV1,2024-11-08 23:03:32+00:00,1731107012000000000,0.9179999999996652,4.388767835438668
BEV1_2024-11-10_drive1.csv,BEV1,2024-11-10 16:07:37+00:00,1731254857000000000,0.534146579881116,3.325516700981168
BEV1_2024-11-10_drive2.csv,BEV1,2024-11-10 17:14:09+00:00,1731258849000000000,0.4700000000011641,3.2957000631333733
BEV1_2024-11-10_drive3.csv,BEV1,2024-11-10 19:59:42+00:00,1731268782000000000,0.9521109486435316,4.585605942245161
BEV1_2024-11-10_drive4.csv,BEV1,2024-11-10 20:38:36+00:00,1731271116000000000,0.9599999999991268,4.387842837211826
BEV1_2024-11-11_drive1.csv,BEV1,2024-11-11 12:31:01+00:00,1731328261000000000,27.229999999999563,115.94223922677104
BEV1_2024-11-11_drive2.csv,BEV1,2024-11-11 16:57:51+00:00,1731344271000000000,0.1980816264620073,0.3200538213013044
BEV1_2024-11-11_drive3.csv,BEV1,2024-11-11 17:15:43+00:00,1731345343000000000,0.6481179008532745,3.624030777607163
BEV1_2024-11-11_drive4.csv,BEV1,2024-11-11 19:45:43+00:00,1731354343000000000,28.082078780238344,112.3894420909918
BEV1_2024-11-12_drive1.csv,BEV1,2024-11-12 07:39:19+00:00,1731397159000000000,4.633999999998196,23.13103505160575
BEV1_2024-11-12_drive2.csv,BEV1,2024-11-12 17:21:14+00:00,1731432074000000000,4.818091286808447,24.59053264721761
BEV1_2024-11-13_drive1.csv,BEV1,2024-11-13 08:03:36+00:00,1731485016000000000,3.5961977039857915,15.122443662221606
BEV1_2024-11-13_drive2.csv,BEV1,2024-11-13 17:08:00+00:00,1731517680000000000,3.365999999999985,15.373936525040705
BEV1_2024-11-13_drive3.csv,BEV1,2024-11-13 18:19:20+00:00,1731521960000000000,1.0362116375791592,6.2797270204717766
BEV1_2024-11-13_drive4.csv,BEV1,2024-11-13 21:55:50+00:00,1731534950000000000,1.438000000000102,6.8451577071156615
BEV1_2024-11-14_drive1.csv,BEV1,2024-11-14 07:17:17+00:00,1731568637000000000,1.6161719802080126,8.610733351517831
BEV1_2024-11-14_drive2.csv,BEV1,2024-11-14 10:19:34+00:00,1731579574000000000,3.454074022305274,15.633587479056782
BEV1_2024-11-14_drive3.csv,BEV1,2024-11-14 16:40:56+00:00,1731602456000000000,4.006137088148666,23.42788228527972
BEV1_2024-11-15_drive1.csv,BEV1,2024-11-15 16:03:31+00:00,1731686611000000000,23.96410302171704,94.5506483308774
BEV1_2024-11-17_drive1.csv,BEV1,2024-11-17 23:04:26+00:00,1731884666000000000,7.873999999999796,20.91248633691261
BEV1_2024-11-18_drive1.csv,BEV1,2024-11-18 08:00:42+00:00,1731916842000000000,4.130527975912989,14.959122950664325
BEV1_2024-11-18_drive2.csv,BEV1,2024-11-18 16:33:31+00:00,1731947611000000000,3.826236141469738,14.32229922342058
BEV1_2024-11-18_drive3.csv,BEV1,2024-11-18 16:47:17+00:00,1731948437000000000,0.1382611180751707,0.8448689952256039
BEV1_2024-11-19_drive1.csv,BEV1,2024-11-19 07:49:43+00:00,1732002583000000000,3.666136566795813,14.676304138272474
BEV1_2024-11-19_drive2.csv,BEV1,2024-11-19 16:32:34+00:00,1732033954000000000,4.022130363379967,15.719908177844026
BEV1_2024-11-20_drive1.csv,BEV1,2024-11-20 08:23:59+00:00,1732091039000000000,5.020000000000437,23.952159965967983
BEV1_2024-11-20_drive2.csv,BEV1,2024-11-20 17:26:19+00:00,1732123579000000000,3.732150253682148,21.58451090140221
BEV1_2024-11-20_drive3.csv,BEV1,2024-11-20 18:28:30+00:00,1732127310000000000,0.9384101988429704,4.441103539407793
BEV1_2024-11-20_drive4.csv,BEV1,2024-11-20 20:18:48+00:00,1732133928000000000,1.724349326519348,4.533251730367311
BEV1_2024-11-21_drive3.csv,BEV1,2024-11-21 18:08:16+00:00,1732212496000000000,0.9539999999997236,3.667560898688304
BEV1_2024-11-21_drive4.csv,BEV1,2024-11-21 21:03:01+00:00,1732222981000000000,12.78599999999824,51.516793559202085
BEV1_2024-11-22_drive1.csv,BEV1,2024-11-22 09:31:07+00:00,1732267867000000000,1.6164325408040543,7.915478459949508
BEV1_2024-11-22_drive2.csv,BEV1,2024-11-22 12:28:36+00:00,1732278516000000000,13.677999999999884,52.85857387422733
BEV1_2024-11-22_drive4.csv,BEV1,2024-11-22 18:23:08+00:00,1732299788000000000,4.489999999999782,20.57829379038999
BEV1_2024-11-22_drive5.csv,BEV1,2024-11-22 21:40:56+00:00,1732311656000000000,3.876000000000204,19.09168329828833
BEV1_2024-11-23_drive1.csv,BEV1,2024-11-23 13:37:52+00:00,1732369072000000000,0.5601122769012569,2.975686732997385
BEV1_2024-11-23_drive2.csv,BEV1,2024-11-23 13:43:26+00:00,1732369406000000000,0.0421194608004138,0.0768317688569679
BEV1_2024-11-23_drive3.csv,BEV1,2024-11-23 16:55:58+00:00,1732380958000000000,0.4283569747654588,0.8635021837032789
BEV1_2024-11-23_drive4.csv,BEV1,2024-11-23 17:59:37+00:00,1732384777000000000,1.094137318182461,4.346160285894058
BEV1_2024-11-24_drive1.csv,BEV1,2024-11-24 10:18:09+00:00,1732443489000000000,0.7161089568707402,4.286046805006736
BEV1_2024-11-24_drive2.csv,BEV1,2024-11-24 10:35:18+00:00,1732444518000000000,0.797999999998865,5.099727750463452
BEV1_2024-11-25_drive1.csv,BEV1,2024-11-25 07:29:21+00:00,1732519761000000000,0.0639999999984866,0.1501305818370706
BEV1_2024-11-25_drive2.csv,BEV1,2024-11-25 13:19:07+00:00,1732540747000000000,12.30999999999949,50.55618598664888
BEV1_2024-11-25_drive3.csv,BEV1,2024-11-25 13:59:09+00:00,1732543149000000000,0.81414135940575,3.41097559798653
BEV1_2024-11-25_drive4.csv,BEV1,2024-11-25 17:35:06+00:00,1732556106000000000,10.530099502883548,45.14889719668942
BEV1_2024-11-26_drive1.csv,BEV1,2024-11-26 08:03:11+00:00,1732608191000000000,4.872000000001208,22.99612995758933
BEV1_2024-11-26_drive2.csv,BEV1,2024-11-26 16:42:59+00:00,1732639379000000000,4.640000000001237,22.6070859934332
BEV1_2024-11-28_drive2.csv,BEV1,2024-11-28 11:53:39+00:00,1732794819000000000,2.850000000000364,15.56245491931212
BEV1_2024-11-28_drive3.csv,BEV1,2024-11-28 15:23:11+00:00,1732807391000000000,3.813080540207432,15.259406776653297
BEV1_2024-11-28_drive4.csv,BEV1,2024-11-28 17:45:45+00:00,1732815945000000000,3.854116353010141,20.354688667787865
BEV1_2024-11-28_drive5.csv,BEV1,2024-11-28 19:48:39+00:00,1732823319000000000,0.6679999999996653,3.37061638478869
BEV1_2024-11-29_drive2.csv,BEV1,2024-11-29 17:09:09+00:00,1732900149000000000,4.288139190664557,22.84088172049701
BEV1_2024-11-30_drive1.csv,BEV1,2024-11-30 11:10:04+00:00,1732965004000000000,0.3761097306634146,2.1273332183568323
BEV1_2024-11-30_drive2.csv,BEV1,2024-11-30 11:50:16+00:00,1732967416000000000,0.5201081483900907,1.7383013299221637
BEV1_2024-11-30_drive3.csv,BEV1,2024-11-30 12:33:36+00:00,1732970016000000000,0.5161410105522533,2.6206382524999947
BEV1_2024-11-30_drive4.csv,BEV1,2024-11-30 13:49:41+00:00,1732974581000000000,0.8582199551492118,4.622642464359817
BEV2_2024-05-16_drive1.csv,BEV2,2024-05-16 16:23:27+00:00,1715876607000000000,0.8381742198659425,5.195659129734151
BEV2_2024-05-17_drive2.csv,BEV2,2024-05-17 17:28:52+00:00,1715966932000000000,14.112092673528254,60.96840313753393
BEV2_2024-05-18_drive1.csv,BEV2,2024-05-18 10:45:46+00:00,1716029146000000000,2.318211990858416,8.381069314440527
BEV2_2024-05-18_drive2.csv,BEV2,2024-05-18 14:08:13+00:00,1716041293000000000,11.798149566883344,65.65820574049943
BEV2_2024-05-18_drive3.csv,BEV2,2024-05-18 16:02:53+00:00,1716048173000000000,8.020190849286681,35.4952526223462
BEV2_2024-05-18_drive4.csv,BEV2,2024-05-18 17:03:01+00:00,1716051781000000000,4.8621022758568495,24.88437260632617
BEV2_2024-05-18_drive5.csv,BEV2,2024-05-18 17:40:26+00:00,1716054026000000000,0.9181040094818896,4.813995978320194
BEV2_2024-05-18_drive6.csv,BEV2,2024-05-18 18:57:28+00:00,1716058648000000000,0.342043369085539,2.2513747380494693
BEV2_2024-05-18_drive7.csv,BEV2,2024-05-18 19:58:31+00:00,1716062311000000000,0.6621471390104343,2.3907151673710048
BEV2_2024-05-19_drive1.csv,BEV2,2024-05-19 07:14:25+00:00,1716102865000000000,0.2782413397961934,1.1071462194297894
BEV2_2024-05-19_drive2.csv,BEV2,2024-05-19 07:51:32+00:00,1716105092000000000,0.4101023537581054,0.9364759475292712
BEV2_2024-05-19_drive4.csv,BEV2,2024-05-19 13:29:12+00:00,1716125352000000000,22.10822478444497,103.13865372008031
BEV2_2024-05-19_drive5.csv,BEV2,2024-05-19 17:28:14+00:00,1716139694000000000,25.60610204588444,117.59477320001452
BEV2_2024-05-19_drive6.csv,BEV2,2024-05-19 18:18:21+00:00,1716142701000000000,3.3380675657062207,15.67338199612309
BEV2_2024-05-19_drive7.csv,BEV2,2024-05-19 19:41:37+00:00,1716147697000000000,0.6822708545814148,3.6580393943447
BEV2_2024-05-20_drive1.csv,BEV2,2024-05-20 18:59:05+00:00,1716231545000000000,1.2001474758648898,6.730778021910058
BEV2_2024-05-21_drive1.csv,BEV2,2024-05-21 06:34:44+00:00,1716273284000000000,1.3261292607663469,6.265634119935
BEV2_2024-05-21_drive2.csv,BEV2,2024-05-21 10:33:54+00:00,1716287634000000000,0.6820967504267205,2.52578287703109
BEV2_2024-05-21_drive3.csv,BEV2,2024-05-21 12:22:14+00:00,1716294134000000000,1.1621455664437998,6.477128919654108
BEV2_2024-05-21_drive4.csv,BEV2,2024-05-21 15:54:23+00:00,1716306863000000000,3.531392660315571,14.65817418693465
BEV2_2024-05-21_drive5.csv,BEV2,2024-05-21 17:37:13+00:00,1716313033000000000,3.342797483276128,8.894973027002301
BEV2_2024-05-21_drive6.csv,BEV2,2024-05-21 18:21:59+00:00,1716315719000000000,1.000067686539132,4.904813461583163
BEV2_2024-05-21_drive7.csv,BEV2,2024-05-21 19:40:56+00:00,1716320456000000000,0.4242960741770164,1.489986392101586
BEV2_2024-05-21_drive8.csv,BEV2,2024-05-21 22:06:44+00:00,1716329204000000000,14.682040567263597,65.04424429469594
BEV2_2024-05-22_drive1.csv,BEV2,2024-05-22 05:14:13+00:00,1716354853000000000,0.7481744121688165,4.642557536578301
BEV2_2024-05-22_drive2.csv,BEV2,2024-05-22 18:56:36+00:00,1716404196000000000,1.034131374493505,4.462156806677352
BEV2_2024-05-23_drive1.csv,BEV2,2024-05-23 06:29:38+00:00,1716445778000000000,1.276398748884627,6.187630487695959
BEV2_2024-06-14_drive1.csv,BEV2,2024-06-14 18:44:29+00:00,1718390669000000000,0.3383235739723967,2.313728589937774
BEV2_2024-06-14_drive2.csv,BEV2,2024-06-14 20:22:29+00:00,1718396549000000000,0.6182060402918101,2.533412943972796
BEV2_2024-06-15_drive1.csv,BEV2,2024-06-15 11:24:54+00:00,1718450694000000000,3.4622832725022508,18.388650154984106
BEV2_2024-06-15_drive2.csv,BEV2,2024-06-15 13:59:46+00:00,1718459986000000000,11.424278060239454,62.71113373111048
BEV2_2024-06-15_drive3.csv,BEV2,2024-06-15 16:35:37+00:00,1718469337000000000,12.060201861455845,53.675101970977806
BEV2_2024-06-18_drive1.csv,BEV2,2024-06-18 17:30:13+00:00,1718731813000000000,4.7661663234234295,24.771576084012885
BEV2_2024-06-19_drive1.csv,BEV2,2024-06-19 06:42:41+00:00,1718779361000000000,1.4782634099464809,6.45828516039442
BEV2_2024-06-19_drive2.csv,BEV2,2024-06-19 08:35:41+00:00,1718786141000000000,1.366283079200887,5.040408759115612
BEV2_2024-06-19_drive3.csv,BEV2,2024-06-19 11:07:13+00:00,1718795233000000000,1.354290342376533,6.429701090992303
BEV2_2024-06-19_drive4.csv,BEV2,2024-06-19 14:40:59+00:00,1718808059000000000,0.2982184547222831,1.7939823878301404
BEV2_2024-06-19_drive6.csv,BEV2,2024-06-19 17:59:22+00:00,1718819962000000000,0.644262052413057,4.469947435301315
BEV2_2024-06-19_drive7.csv,BEV2,2024-06-19 21:38:26+00:00,1718833106000000000,0.6422796788072455,2.5813253946439083
BEV2_2024-06-20_drive1.csv,BEV2,2024-06-20 10:01:19+00:00,1718877679000000000,0.560285143578329,2.762514939465538
BEV2_2024-06-20_drive2.csv,BEV2,2024-06-20 18:01:09+00:00,1718906469000000000,0.6620383288429549,3.682124635798612
BEV2_2024-06-21_drive1.csv,BEV2,2024-06-21 06:31:37+00:00,1718951497000000000,1.42224999137606,6.666833684268289
BEV2_2024-06-21_drive10.csv,BEV2,2024-06-21 18:32:02+00:00,1718994722000000000,0.246339077428471,1.9889257065211727
BEV2_2024-06-21_drive2.csv,BEV2,2024-06-21 18:58:30+00:00,1718996310000000000,0.6002849516730024,2.301693091758928
BEV2_2024-06-21_drive3.csv,BEV2,2024-06-21 09:08:36+00:00,1718960916000000000,0.71422183076608,3.0149817316239096
BEV2_2024-06-21_drive4.csv,BEV2,2024-06-21 11:18:43+00:00,1718968723000000000,1.8321965658509085,6.431144762759693
BEV2_2024-06-21_drive6.csv,BEV2,2024-06-21 15:24:13+00:00,1718983453000000000,0.6982852853376685,2.580161410630425
BEV2_2024-06-21_drive7.csv,BEV2,2024-06-21 16:29:55+00:00,1718987395000000000,0.4883188306296235,2.4959247562624194
BEV2_2024-06-21_drive8.csv,BEV2,2024-06-21 16:48:00+00:00,1718988480000000000,0.6325136569631683,2.6391440642900608
BEV2_2024-06-21_drive9.csv,BEV2,2024-06-21 18:01:45+00:00,1718992905000000000,0.8001838606104942,3.6796843833096
BEV2_2024-06-22_drive1.csv,BEV2,2024-06-22 10:36:29+00:00,1719052589000000000,0.4003135100993427,3.018298321050914
BEV2_2024-06-22_drive2.csv,BEV2,2024-06-22 14:05:20+00:00,1719065120000000000,12.8442146443967,66.08198999405346
BEV2_2024-06-22_drive3.csv,BEV2,2024-06-22 15:32:58+00:00,1719070378000000000,2.538239050481382,14.257890190427048
BEV2_2024-06-22_drive4.csv,BEV2,2024-06-22 16:47:39+00:00,1719074859000000000,12.916359305678036,60.87154608266043
BEV2_2024-06-22_drive5.csv,BEV2,2024-06-22 17:37:21+00:00,1719077841000000000,0.6781868582867252,3.6666980758593706
BEV2_2024-06-22_drive6.csv,BEV2,2024-06-22 18:36:35+00:00,1719081395000000000,0.3861913821762803,3.155193325956786
BEV2_2024-06-23_drive1.csv,BEV2,2024-06-23 06:53:35+00:00,1719125615000000000,0.4962305921068887,2.222280523751229
BEV2_2024-06-23_drive2.csv,BEV2,2024-06-23 07:55:34+00:00,1719129334000000000,6.75809473075465,31.77680036754071
BEV2_2024-06-23_drive3.csv,BEV2,2024-06-23 09:25:09+00:00,1719134709000000000,0.4842480969733589,2.370191017124774
BEV2_2024-06-23_drive4.csv,BEV2,2024-06-23 10:13:15+00:00,1719137595000000000,5.77832071365878,27.19741110005478
BEV2_2024-06-24_drive1.csv,BEV2,2024-06-24 06:28:02+00:00,1719210482000000000,1.286485288181794,6.504886630701241
BEV2_2024-06-24_drive2.csv,BEV2,2024-06-24 15:41:55+00:00,1719243715000000000,0.754362605682885,2.7997282294932653
BEV2_2024-06-24_drive3.csv,BEV2,2024-06-24 16:41:58+00:00,1719247318000000000,0.6805580257022213,3.650714983078122
BEV2_2024-06-24_drive4.csv,BEV2,2024-06-24 17:39:07+00:00,1719250747000000000,2.53430046950952,19.74494518967767
BEV2_2024-06-25_drive1.csv,BEV2,2024-06-25 05:09:56+00:00,1719292196000000000,6.5944086455884845,38.566089854230135
BEV2_2024-06-25_drive2.csv,BEV2,2024-06-25 07:28:37+00:00,1719300517000000000,7.030332963368893,38.02498942637125
BEV2_2024-06-25_drive3.csv,BEV2,2024-06-25 10:44:12+00:00,1719312252000000000,3.4851572963904256,22.441180337633654
BEV2_2024-06-25_drive5.csv,BEV2,2024-06-25 16:37:17+00:00,1719333437000000000,2.2483875829147446,12.880733026552864
BEV2_2024-06-26_drive1.csv,BEV2,2024-06-26 06:19:49+00:00,1719382789000000000,0.3743926578943901,2.3904606610211347
BEV2_2024-06-26_drive3.csv,BEV2,2024-06-26 10:52:23+00:00,1719399143000000000,0.3479999999999563,1.6299846155436502
BEV2_2024-06-26_drive4.csv,BEV2,2024-06-26 13:39:33+00:00,1719409173000000000,3.410094579710956,18.312918957005387
BEV2_2024-06-26_drive7.csv,BEV2,2024-06-26 19:39:38+00:00,1719430778000000000,12.098340040376147,58.79739314521323
BEV2_2024-06-28_drive2.csv,BEV2,2024-06-28 11:04:46+00:00,1719572686000000000,11.508315738520231,59.81395715892722
BEV2_2024-06-29_drive7.csv,BEV2,2024-06-29 16:46:32+00:00,1719679592000000000,0.5982545268597427,2.4904527186023624
BEV2_2024-06-30_drive6.csv,BEV2,2024-06-30 16:48:10+00:00,1719766090000000000,10.657999999999449,53.83907259877628
BEV2_2024-07-04_drive1.csv,BEV2,2024-07-04 06:16:08+00:00,1720073768000000000,0.4679999999989377,2.264871651157902
BEV2_2024-07-05_drive3.csv,BEV2,2024-07-05 10:20:47+00:00,1720174847000000000,0.8403132597846837,3.562197990926477
BEV2_2024-07-05_drive4.csv,BEV2,2024-07-05 11:35:22+00:00,1720179322000000000,3.8021086289331936,21.78310116556868
BEV2_2024-07-05_drive5.csv,BEV2,2024-07-05 13:21:21+00:00,1720185681000000000,13.292111154763454,75.13204714862411
BEV2_2024-07-05_drive6.csv,BEV2,2024-07-05 13:57:56+00:00,1720187876000000000,1.2480829911387352,6.445539199448428
BEV2_2024-07-05_drive8.csv,BEV2,2024-07-05 19:57:42+00:00,1720209462000000000,0.9441180678328293,5.793248048147726
BEV2_2024-07-05_drive9.csv,BEV2,2024-07-05 22:21:19+00:00,1720218079000000000,0.6801121340517129,3.675068822021731
BEV2_2024-07-29_drive1.csv,BEV2,2024-07-29 13:30:34+00:00,1722259834000000000,12.68239836783238,63.92193041933874
BEV2_2024-07-29_drive2.csv,BEV2,2024-07-29 14:27:58+00:00,1722263278000000000,1.764187407644728,8.58218898124717
BEV2_2024-07-29_drive3.csv,BEV2,2024-07-29 17:58:00+00:00,1722275880000000000,10.922194318792409,53.89016653960943
BEV2_2024-07-30_drive2.csv,BEV2,2024-07-30 17:40:29+00:00,1722361229000000000,1.3443501931316555,5.883300758247566
BEV2_2024-07-30_drive3.csv,BEV2,2024-07-30 19:56:07+00:00,1722369367000000000,0.8662748356786373,5.655760321194259
BEV2_2024-07-31_drive2.csv,BEV2,2024-07-31 12:12:35+00:00,1722427955000000000,0.660212933316943,2.748883486239498
BEV2_2024-07-31_drive3.csv,BEV2,2024-07-31 15:12:54+00:00,1722438774000000000,2.878272139159938,16.410218607737733
BEV2_2024-07-31_drive4.csv,BEV2,2024-07-31 15:54:58+00:00,1722441298000000000,2.6820780989890727,12.168197203490031
BEV2_2024-07-31_drive5.csv,BEV2,2024-07-31 16:16:02+00:00,1722442562000000000,0.5582511538785173,1.6334790598044466
BEV2_2024-08-01_drive1.csv,BEV2,2024-08-01 07:10:34+00:00,1722496234000000000,0.3842588086571271,2.158314066038112
BEV2_2024-08-01_drive2.csv,BEV2,2024-08-01 11:10:04+00:00,1722510604000000000,0.8582379136786457,2.746285130261209
BEV2_2024-08-01_drive3.csv,BEV2,2024-08-01 16:15:37+00:00,1722528937000000000,1.2142232918847056,5.713456681617752
BEV2_2024-08-01_drive4.csv,BEV2,2024-08-01 16:57:47+00:00,1722531467000000000,0.6182486086026185,1.9271759705249176
BEV2_2024-08-01_drive5.csv,BEV2,2024-08-01 20:46:32+00:00,1722545192000000000,1.2043237998521552,6.51589940417809
BEV2_2024-08-02_drive1.csv,BEV2,2024-08-02 06:45:16+00:00,1722581116000000000,0.2902709613420334,2.073475738870698
BEV2_2024-08-02_drive3.csv,BEV2,2024-08-02 08:19:03+00:00,1722586743000000000,0.1663097177254476,1.1793904254858585
BEV2_2024-08-02_drive4.csv,BEV2,2024-08-02 09:47:15+00:00,1722592035000000000,1.318358672125567,5.083620761363915
BEV2_2024-08-02_drive5.csv,BEV2,2024-08-02 13:07:48+00:00,1722604068000000000,10.346045862306946,52.008011898537504
BEV2_2024-08-03_drive1.csv,BEV2,2024-08-03 07:22:48+00:00,1722669768000000000,0.3659999999999854,2.3156159712969804
BEV2_2024-08-03_drive2.csv,BEV2,2024-08-03 07:50:41+00:00,1722671441000000000,0.4062350305180855,2.328639217124379
BEV2_2024-08-03_drive3.csv,BEV2,2024-08-03 10:19:33+00:00,1722680373000000000,1.5183278935041664,8.005494938656284
BEV2_2024-08-03_drive4.csv,BEV2,2024-08-03 12:55:20+00:00,1722689720000000000,1.346378943935601,8.137769484348638
BEV2_2024-08-04_drive1.csv,BEV2,2024-08-04 12:35:21+00:00,1722774921000000000,0.9024745779429498,3.8351192527230418
BEV2_2024-08-04_drive2.csv,BEV2,2024-08-04 16:09:56+00:00,1722787796000000000,0.7180000000007567,3.8140216540496543
BEV2_2024-08-04_drive4.csv,BEV2,2024-08-04 17:56:56+00:00,1722794216000000000,0.2003475620664456,0.9127698368045536
BEV2_2024-08-05_drive1.csv,BEV2,2024-08-05 07:50:02+00:00,1722844202000000000,12.820663139294703,60.70550993501199
BEV2_2024-08-05_drive2.csv,BEV2,2024-08-05 16:32:18+00:00,1722875538000000000,12.800350374392284,55.62059235248788
BEV2_2024-08-05_drive3.csv,BEV2,2024-08-05 18:25:10+00:00,1722882310000000000,1.8941213234935133,13.492449688036972
BEV2_2024-08-06_drive1.csv,BEV2,2024-08-06 07:02:26+00:00,1722927746000000000,0.3460979694030927,2.1759541080779696
BEV2_2024-08-06_drive2.csv,BEV2,2024-08-06 12:54:01+00:00,1722948841000000000,0.75614475023943,2.753195465021015
BEV2_2024-08-06_drive3.csv,BEV2,2024-08-06 15:00:42+00:00,1722956442000000000,0.8800332205089968,4.944603521971615
BEV2_2024-08-06_drive4.csv,BEV2,2024-08-06 16:34:06+00:00,1722962046000000000,0.9881432155193988,4.81105992500048
BEV2_2024-08-06_drive5.csv,BEV2,2024-08-06 17:11:44+00:00,1722964304000000000,1.0401049017142514,6.569934088893436
BEV2_2024-08-07_drive1.csv,BEV2,2024-08-07 06:45:01+00:00,1723013101000000000,5.942115911659195,34.82211744387949
BEV2_2024-08-07_drive2.csv,BEV2,2024-08-07 07:17:06+00:00,1723015026000000000,0.6941522711050588,4.316369365048928
BEV2_2024-08-07_drive3.csv,BEV2,2024-08-07 07:49:09+00:00,1723016949000000000,1.606111924427302,10.380091785527792
BEV2_2024-08-07_drive4.csv,BEV2,2024-08-07 10:28:44+00:00,1723026524000000000,0.5841280991587875,3.082419045795876
BEV2_2024-08-07_drive5.csv,BEV2,2024-08-07 11:24:07+00:00,1723029847000000000,0.8901321464867475,2.529316013903192
BEV2_2024-08-07_drive6.csv,BEV2,2024-08-07 15:23:51+00:00,1723044231000000000,6.148136620526702,33.58538476890048
BEV2_2024-08-07_drive7.csv,BEV2,2024-08-07 16:50:06+00:00,1723049406000000000,1.1080249932147517,5.445771951651432
BEV2_2024-08-07_drive8.csv,BEV2,2024-08-07 19:14:28+00:00,1723058068000000000,0.6020911211164379,3.673342270093293
BEV2_2024-08-07_drive9.csv,BEV2,2024-08-07 20:23:21+00:00,1723062201000000000,0.8621985170131484,5.662599717148559
BEV2_2024-08-08_drive3.csv,BEV2,2024-08-08 17:44:08+00:00,1723139048000000000,0.4501713099896433,2.5355326005983896
BEV2_2024-08-08_drive4.csv,BEV2,2024-08-08 19:52:13+00:00,1723146733000000000,0.5300989810425885,2.5385531047534715
BEV2_2024-08-09_drive2.csv,BEV2,2024-08-09 14:10:17+00:00,1723212617000000000,0.782136700280312,2.824624078301115
BEV2_2024-08-09_drive3.csv,BEV2,2024-08-09 15:01:13+00:00,1723215673000000000,1.132094513886333,6.1923875203899446
BEV2_2024-08-09_drive4.csv,BEV2,2024-08-09 15:29:57+00:00,1723217397000000000,0.9401048020553228,4.16564178137169
BEV2_2024-08-09_drive5.csv,BEV2,2024-08-09 17:29:53+00:00,1723224593000000000,0.4821004134011532,2.557030421153724
BEV2_2024-08-09_drive6.csv,BEV2,2024-08-09 19:58:19+00:00,1723233499000000000,0.596131038639143,2.658923926941299
BEV2_2024-08-09_drive7.csv,BEV2,2024-08-09 21:37:35+00:00,1723239455000000000,0.2920255036918897,1.8708876525962623
BEV2_2024-08-09_drive8.csv,BEV2,2024-08-09 21:58:56+00:00,1723240736000000000,0.5121192223549637,1.9217729896253808
BEV2_2024-08-10_drive1.csv,BEV2,2024-08-10 14:06:35+00:00,1723298795000000000,12.90618964464392,64.945913811871
BEV2_2024-08-10_drive2.csv,BEV2,2024-08-10 16:24:35+00:00,1723307075000000000,10.488133315242996,50.95437004878755
BEV2_2024-08-11_drive1.csv,BEV2,2024-08-11 07:48:28+00:00,1723362508000000000,6.490113639826343,29.9729923918906
BEV2_2024-08-11_drive2.csv,BEV2,2024-08-11 09:58:45+00:00,1723370325000000000,5.126095753328088,25.712399987643742
BEV2_2024-08-11_drive4.csv,BEV2,2024-08-11 12:40:50+00:00,1723380050000000000,1.2780171759782897,5.4161060230813245
BEV2_2024-08-12_drive2.csv,BEV2,2024-08-12 18:42:53+00:00,1723488173000000000,0.7380273733238043,3.689779530300165
BEV2_2024-08-13_drive1.csv,BEV2,2024-08-13 06:01:14+00:00,1723528874000000000,0.2801155193734855,2.0489930227464743
BEV2_2024-08-13_drive2.csv,BEV2,2024-08-13 09:47:53+00:00,1723542473000000000,0.698125186509087,2.730249944167637
BEV2_2024-08-13_drive3.csv,BEV2,2024-08-13 10:55:31+00:00,1723546531000000000,0.5181251111174666,2.107684737615689
BEV2_2024-08-13_drive4.csv,BEV2,2024-08-13 14:51:39+00:00,1723560699000000000,0.7481143141484964,2.748126308310729
BEV2_2024-08-13_drive5.csv,BEV2,2024-08-13 15:47:28+00:00,1723564048000000000,1.214111510426453,6.281098247624725
BEV2_2024-08-13_drive6.csv,BEV2,2024-08-13 16:28:05+00:00,1723566485000000000,0.9381195834686168,4.62889711655918
BEV2_2024-08-13_drive7.csv,BEV2,2024-08-13 16:59:19+00:00,1723568359000000000,0.9501180118837358,5.434028635547497
BEV2_2024-08-13_drive8.csv,BEV2,2024-08-13 18:16:57+00:00,1723573017000000000,0.9680914749339172,5.42449596920898
BEV2_2024-08-14_drive1.csv,BEV2,2024-08-14 09:21:18+00:00,1723627278000000000,2.1921525510667994,10.966529715962317
BEV2_2024-08-14_drive2.csv,BEV2,2024-08-14 09:51:00+00:00,1723629060000000000,0.5100961763592553,1.9053395190267224
BEV2_2024-08-14_drive3.csv,BEV2,2024-08-14 10:50:29+00:00,1723632629000000000,2.5623201336494,12.010230733119997
BEV2_2024-08-14_drive5.csv,BEV2,2024-08-14 17:45:35+00:00,1723657535000000000,1.1401477538015623,5.659151812610179
BEV2_2024-08-14_drive6.csv,BEV2,2024-08-14 20:21:59+00:00,1723666919000000000,0.200115503800515,1.8189509208157104
BEV2_2024-08-14_drive7.csv,BEV2,2024-08-14 20:36:15+00:00,1723667775000000000,0.6040869489940038,2.490409425716986
BEV2_2024-08-15_drive1.csv,BEV2,2024-08-15 07:54:09+00:00,1723708449000000000,0.142092791437407,0.146016293842419
BEV2_2024-08-15_drive10.csv,BEV2,2024-08-15 17:03:27+00:00,1723741407000000000,0.736145365958663,7.630724084105584
BEV2_2024-08-15_drive11.csv,BEV2,2024-08-15 18:20:06+00:00,1723746006000000000,7.950181657458605,45.86950225616378
BEV2_2024-08-15_drive2.csv,BEV2,2024-08-15 19:21:18+00:00,1723749678000000000,0.5120941367209837,3.513943798441141
BEV2_2024-08-15_drive4.csv,BEV2,2024-08-15 10:31:15+00:00,1723717875000000000,0.9181073642722516,3.440752906364437
BEV2_2024-08-15_drive5.csv,BEV2,2024-08-15 11:39:45+00:00,1723721985000000000,1.0720961864306475,4.848238056533055
BEV2_2024-08-15_drive6.csv,BEV2,2024-08-15 13:15:34+00:00,1723727734000000000,10.846093180389316,48.79088107774495
BEV2_2024-08-15_drive7.csv,BEV2,2024-08-15 13:57:05+00:00,1723730225000000000,1.164103801776324,7.366607407376499
BEV2_2024-08-15_drive8.csv,BEV2,2024-08-15 15:28:57+00:00,1723735737000000000,2.69013472599132,12.665274716061464
BEV2_2024-08-15_drive9.csv,BEV2,2024-08-15 16:31:51+00:00,1723739511000000000,11.78010148443253,55.51970359487368
BEV2_2024-08-16_drive1.csv,BEV2,2024-08-16 06:41:43+00:00,1723790503000000000,5.422107827416184,34.92564745446701
BEV2_2024-08-16_drive2.csv,BEV2,2024-08-16 07:40:25+00:00,1723794025000000000,2.8841282500699856,20.09170248502359
BEV2_2024-08-16_drive3.csv,BEV2,2024-08-16 09:36:18+00:00,1723800978000000000,0.4901010732708466,1.7821447536477222
BEV2_2024-08-16_drive4.csv,BEV2,2024-08-16 10:13:53+00:00,1723803233000000000,1.200164131315559,7.3983393581160115
BEV2_2024-08-16_drive5.csv,BEV2,2024-08-16 13:17:50+00:00,1723814270000000000,4.376085907310832,22.330497448488096
BEV2_2024-08-16_drive7.csv,BEV2,2024-08-17 01:57:55+00:00,1723859875000000000,25.44821463422886,109.91912827124638
BEV2_2024-08-17_drive1.csv,BEV2,2024-08-17 10:44:08+00:00,1723891448000000000,0.1400435065595151,0.0873792282600241
BEV2_2024-08-17_drive2.csv,BEV2,2024-08-17 12:36:34+00:00,1723898194000000000,0.8501694647976119,3.7281066314184512
BEV2_2024-08-17_drive4.csv,BEV2,2024-08-17 16:33:55+00:00,1723912435000000000,0.5942135933811235,2.0081605951041133
BEV2_2024-08-17_drive5.csv,BEV2,2024-08-17 17:17:12+00:00,1723915032000000000,0.6741829787856208,3.6623119349342734
BEV2_2024-08-17_drive6.csv,BEV2,2024-08-17 18:27:37+00:00,1723919257000000000,0.9341989820957576,6.914188445506328
BEV2_2024-08-17_drive7.csv,BEV2,2024-08-18 00:05:21+00:00,1723939521000000000,0.6162261565431129,2.6341176514240487
BEV2_2024-08-18_drive1.csv,BEV2,2024-08-18 07:50:15+00:00,1723967415000000000,0.7622392107131699,5.197558455405632
BEV2_2024-08-18_drive2.csv,BEV2,2024-08-18 11:25:51+00:00,1723980351000000000,1.506211509748069,7.958263330598863
BEV2_2024-08-18_drive3.csv,BEV2,2024-08-18 12:31:56+00:00,1723984316000000000,0.4101965751383136,2.092674780473174
BEV2_2024-08-18_drive4.csv,BEV2,2024-08-18 14:17:07+00:00,1723990627000000000,10.082194161701835,50.36701734048691
BEV2_2024-08-18_drive5.csv,BEV2,2024-08-18 16:03:33+00:00,1723997013000000000,9.83422837658845,45.10218573231303
BEV2_2024-08-18_drive6.csv,BEV2,2024-08-18 16:43:21+00:00,1723999401000000000,0.9842351858047216,4.419912915982604
BEV2_2024-08-18_drive7.csv,BEV2,2024-08-18 18:19:13+00:00,1724005153000000000,0.5702043300828118,3.543355294702298
BEV2_2024-08-18_drive8.csv,BEV2,2024-08-18 23:43:43+00:00,1724024623000000000,0.7342281307065218,3.256415088750246
BEV2_2024-08-19_drive1.csv,BEV2,2024-08-19 09:20:06+00:00,1724059206000000000,0.3122278026449037,1.9490865814960256
BEV2_2024-08-19_drive2.csv,BEV2,2024-08-19 09:52:53+00:00,1724061173000000000,1.2840200527864007,7.048786401718493
BEV2_2024-08-19_drive4.csv,BEV2,2024-08-19 15:36:36+00:00,1724081796000000000,4.582223941319715,27.53205524913288
BEV2_2024-08-19_drive5.csv,BEV2,2024-08-19 16:39:21+00:00,1724085561000000000,0.870197632776287,4.600923105070631
BEV2_2024-08-19_drive6.csv,BEV2,2024-08-19 17:54:43+00:00,1724090083000000000,1.252185054676904,8.651994307764124
BEV2_2024-08-19_drive7.csv,BEV2,2024-08-19 18:47:45+00:00,1724093265000000000,0.5900654385268109,4.232836245994058
BEV2_2024-08-19_drive8.csv,BEV2,2024-08-19 21:58:04+00:00,1724104684000000000,0.6662447373783045,2.677007613822756
BEV2_2024-08-20_drive1.csv,BEV2,2024-08-20 06:10:01+00:00,1724134201000000000,0.3202467945451174,2.1205367350671165
BEV2_2024-08-20_drive3.csv,BEV2,2024-08-20 10:52:47+00:00,1724151167000000000,0.6482202195767286,3.735424347865321
BEV2_2024-08-20_drive4.csv,BEV2,2024-08-20 15:59:17+00:00,1724169557000000000,0.6980973703253265,2.7858291330722342
BEV2_2024-08-20_drive5.csv,BEV2,2024-08-20 16:53:29+00:00,1724172809000000000,0.9581930817201308,5.436534765981667
BEV2_2024-08-20_drive6.csv,BEV2,2024-08-20 20:51:56+00:00,1724187116000000000,0.916032165775158,4.153490752178934
BEV2_2024-08-21_drive1.csv,BEV2,2024-08-21 05:57:04+00:00,1724219824000000000,0.4042506141531513,2.017324158137336
BEV2_2024-08-21_drive2.csv,BEV2,2024-08-21 09:17:38+00:00,1724231858000000000,27.184218232969112,128.0059394123156
BEV2_2024-08-22_drive1.csv,BEV2,2024-08-22 13:30:16+00:00,1724333416000000000,21.20025178383108,103.60682686827153
BEV2_2024-08-22_drive2.csv,BEV2,2024-08-22 14:13:42+00:00,1724336022000000000,0.9402074283564926,4.210517521599348
BEV2_2024-08-22_drive3.csv,BEV2,2024-08-22 15:01:02+00:00,1724338862000000000,0.4581752501163923,2.7471198470399387
BEV2_2024-08-22_drive4.csv,BEV2,2024-08-22 16:21:58+00:00,1724343718000000000,1.0001838413855306,5.510132939850092
BEV2_2024-08-22_drive5.csv,BEV2,2024-08-22 18:18:41+00:00,1724350721000000000,0.9721723596490474,5.830529076459103
BEV2_2024-08-22_drive6.csv,BEV2,2024-08-22 19:32:46+00:00,1724355166000000000,0.8420190994496021,4.771867284251945
BEV2_2024-08-23_drive1.csv,BEV2,2024-08-23 06:59:47+00:00,1724396387000000000,1.402239201385849,8.385214208509987
BEV2_2024-08-23_drive4.csv,BEV2,2024-08-23 14:03:49+00:00,1724421829000000000,0.896225462466091,5.091020348145886
BEV2_2024-08-23_drive5.csv,BEV2,2024-08-23 14:58:47+00:00,1724425127000000000,1.0823250461936282,4.671652275137646
BEV2_2024-08-23_drive6.csv,BEV2,2024-08-23 17:08:26+00:00,1724432906000000000,1.4482007931888468,9.983961337140675
BEV2_2024-08-23_drive7.csv,BEV2,2024-08-23 18:18:16+00:00,1724437096000000000,0.9561728131440002,5.5810777462245165
BEV2_2024-08-23_drive8.csv,BEV2,2024-08-23 20:16:51+00:00,1724444211000000000,1.02626201469523,6.337543305835222
BEV2_2024-08-24_drive1.csv,BEV2,2024-08-24 10:07:31+00:00,1724494051000000000,4.146505331107874,25.335014818586604
BEV2_2024-08-24_drive2.csv,BEV2,2024-08-24 15:58:34+00:00,1724515114000000000,4.138189713148345,25.440363825702143
BEV2_2024-08-24_drive3.csv,BEV2,2024-08-24 16:45:42+00:00,1724517942000000000,0.8423726237303976,4.628371522455479
BEV2_2024-08-24_drive4.csv,BEV2,2024-08-24 20:10:52+00:00,1724530252000000000,0.4482471755905341,1.6175758503822162
BEV2_2024-08-25_drive1.csv,BEV2,2024-08-25 08:33:55+00:00,1724574835000000000,0.5353455989626137,3.287715534025825
BEV2_2024-08-25_drive2.csv,BEV2,2024-08-25 09:19:42+00:00,1724577582000000000,0.3839999999981955,1.330574968186725
BEV2_2024-08-25_drive3.csv,BEV2,2024-08-25 12:24:00+00:00,1724588640000000000,3.684547787685698,15.604068320397053
BEV2_2024-08-25_drive4.csv,BEV2,2024-08-25 14:00:12+00:00,1724594412000000000,7.02609346082647,38.27179352629288
BEV2_2024-08-25_drive5.csv,BEV2,2024-08-25 16:17:13+00:00,1724602633000000000,10.880241659302124,50.66889754675159
BEV2_2024-08-25_drive6.csv,BEV2,2024-08-25 22:17:25+00:00,1724624245000000000,0.6724552927020914,3.6669531647129183
BEV2_2024-08-26_drive2.csv,BEV2,2024-08-26 18:37:46+00:00,1724697466000000000,2.668401348961798,14.99851583680408
BEV2_2024-08-26_drive3.csv,BEV2,2024-08-26 20:47:11+00:00,1724705231000000000,1.0383532856610187,5.911839679163082
BEV2_2024-08-27_drive2.csv,BEV2,2024-08-27 10:17:53+00:00,1724753873000000000,0.7343381460854539,2.904448473726795
BEV2_2024-08-28_drive2.csv,BEV2,2024-08-28 16:23:41+00:00,1724862221000000000,9.72814173200131,55.87034622311517
BEV2_2024-08-28_drive3.csv,BEV2,2024-08-28 16:51:39+00:00,1724863899000000000,3.0080935077534567,15.73677814876407
BEV2_2024-08-28_drive4.csv,BEV2,2024-08-28 19:43:52+00:00,1724874232000000000,0.1141307703794408,0.0627351466889975
BEV2_2024-08-29_drive1.csv,BEV2,2024-08-29 06:53:56+00:00,1724914436000000000,5.538218319101334,31.183083911634824
BEV2_2024-08-29_drive2.csv,BEV2,2024-08-29 07:13:25+00:00,1724915605000000000,0.2421079809241275,0.7566918388601752
BEV2_2024-08-29_drive3.csv,BEV2,2024-08-29 08:15:35+00:00,1724919335000000000,5.584119486038764,36.931865587070185
BEV2_2024-08-29_drive4.csv,BEV2,2024-08-29 10:15:10+00:00,1724926510000000000,0.7824138751062052,2.787017332338748
BEV2_2024-08-29_drive5.csv,BEV2,2024-08-29 11:02:39+00:00,1724929359000000000,0.3941176015394199,2.0562398170148684
BEV2_2024-08-29_drive6.csv,BEV2,2024-08-29 17:52:33+00:00,1724953953000000000,0.6961455414370575,2.8210923743916703
BEV2_2024-08-29_drive7.csv,BEV2,2024-08-29 18:21:34+00:00,1724955694000000000,0.4481214226970677,2.4522381950760748
BEV2_2024-08-29_drive8.csv,BEV2,2024-08-29 20:25:20+00:00,1724963120000000000,0.5861468310821263,2.462081476704358
BEV2_2024-08-30_drive1.csv,BEV2,2024-08-30 07:49:15+00:00,1725004155000000000,1.044177361015335,4.956094859441992
BEV2_2024-08-30_drive2.csv,BEV2,2024-08-30 09:19:41+00:00,1725009581000000000,0.408091764710783,2.973632232276388
BEV2_2024-08-30_drive3.csv,BEV2,2024-08-30 09:41:46+00:00,1725010906000000000,0.7501028516840981,3.321799327598787
BEV2_2024-08-30_drive4.csv,BEV2,2024-08-30 11:02:22+00:00,1725015742000000000,0.2600000000002183,2.062960867713877
BEV2_2024-08-30_drive5.csv,BEV2,2024-08-30 17:07:59+00:00,1725037679000000000,3.5339999999996508,19.49764330502087
BEV2_2024-08-30_drive6.csv,BEV2,2024-08-30 22:33:47+00:00,1725057227000000000,2.488086866129001,16.313354860524434
BEV2_2024-08-31_drive1.csv,BEV2,2024-08-31 09:14:55+00:00,1725095695000000000,12.598199164164557,70.83323810339652
BEV2_2024-08-31_drive2.csv,BEV2,2024-08-31 11:37:59+00:00,1725104279000000000,18.47011241347648,105.3447433086429
BEV2_2024-08-31_drive4.csv,BEV2,2024-08-31 20:38:39+00:00,1725136719000000000,2.778298979523174,22.10730967198865
BEV2_2024-09-01_drive3.csv,BEV2,2024-09-01 14:09:37+00:00,1725199777000000000,10.50219439480535,51.74102850975079
BEV2_2024-09-01_drive4.csv,BEV2,2024-09-01 15:41:13+00:00,1725205273000000000,0.8599999999969441,3.913386834514785
BEV2_2024-09-01_drive5.csv,BEV2,2024-09-01 18:40:58+00:00,1725216058000000000,10.208279939539697,48.73510263107917
BEV2_2024-09-02_drive1.csv,BEV2,2024-09-02 11:54:48+00:00,1725278088000000000,2.234278878841518,11.761410386632814
BEV2_2024-09-02_drive2.csv,BEV2,2024-09-02 13:47:32+00:00,1725284852000000000,4.1300995978915145,22.85502400201686
BEV2_2024-09-02_drive3.csv,BEV2,2024-09-02 14:45:09+00:00,1725288309000000000,4.416193861126875,21.23660567956693
BEV2_2024-09-03_drive1.csv,BEV2,2024-09-03 06:27:55+00:00,1725344875000000000,0.6943904349729456,4.3122327524794
BEV2_2024-09-03_drive3.csv,BEV2,2024-09-03 10:35:27+00:00,1725359727000000000,0.7902496876833028,4.938092148394224
BEV2_2024-09-03_drive4.csv,BEV2,2024-09-03 13:36:41+00:00,1725370601000000000,0.3182281089146095,1.316517405955685
BEV2_2024-09-03_drive6.csv,BEV2,2024-09-03 16:22:23+00:00,1725380543000000000,0.4822673583417198,2.5158157506454373
BEV2_2024-09-04_drive1.csv,BEV2,2024-09-04 06:33:44+00:00,1725431624000000000,0.906216492231666,4.781324905692864
BEV2_2024-09-04_drive2.csv,BEV2,2024-09-04 10:42:30+00:00,1725446550000000000,0.8002767632068358,2.7720648953736955
BEV2_2024-09-04_drive3.csv,BEV2,2024-09-04 12:03:52+00:00,1725451432000000000,0.7042211759301927,3.080237831157701
BEV2_2024-09-04_drive4.csv,BEV2,2024-09-04 13:22:02+00:00,1725456122000000000,0.1883157582979667,0.6862057724063537
BEV2_2024-09-04_drive5.csv,BEV2,2024-09-04 14:52:03+00:00,1725461523000000000,4.792216428415427,23.691543207504484
BEV2_2024-09-06_drive1.csv,BEV2,2024-09-06 08:55:42+00:00,1725612942000000000,4.400336979979414,22.359184182908457
BEV2_2024-09-06_drive2.csv,BEV2,2024-09-06 10:50:14+00:00,1725619814000000000,0.4981985096758045,3.146530197583041
BEV2_2024-09-06_drive3.csv,BEV2,2024-09-06 17:07:43+00:00,1725642463000000000,0.7062311530409672,2.7366750934204607
BEV2_2024-09-07_drive1.csv,BEV2,2024-09-07 09:55:47+00:00,1725702947000000000,0.5502657101495056,3.308270207464338
BEV2_2024-09-07_drive2.csv,BEV2,2024-09-07 10:15:11+00:00,1725704111000000000,0.6522069335465878,3.096511255465746
BEV2_2024-09-07_drive3.csv,BEV2,2024-09-07 13:41:14+00:00,1725716474000000000,9.12605825800128,39.78404751917566
BEV2_2024-09-07_drive4.csv,BEV2,2024-09-07 14:21:17+00:00,1725718877000000000,1.222202302523796,7.527544257752524
BEV2_2024-09-07_drive5.csv,BEV2,2024-09-07 15:07:47+00:00,1725721667000000000,1.2262234384550612,5.421654797421056
BEV2_2024-09-07_drive6.csv,BEV2,2024-09-07 16:27:14+00:00,1725726434000000000,0.4061991282633861,2.507339901211361
BEV2_2024-09-08_drive2.csv,BEV2,2024-09-08 10:35:13+00:00,1725791713000000000,1.9443003188175063,15.656347559883
BEV2_2024-09-08_drive3.csv,BEV2,2024-09-08 11:43:59+00:00,1725795839000000000,4.256193219915713,19.43022723183568
BEV2_2024-09-08_drive4.csv,BEV2,2024-09-08 13:31:06+00:00,1725802266000000000,10.292233773704751,57.33296587233503
BEV2_2024-09-08_drive5.csv,BEV2,2024-09-08 14:14:36+00:00,1725804876000000000,1.1702268178964534,6.948993138315811
BEV2_2024-09-09_drive1.csv,BEV2,2024-09-09 06:23:59+00:00,1725863039000000000,0.6743104577870592,3.917111095737492
BEV2_2024-09-09_drive2.csv,BEV2,2024-09-09 15:51:31+00:00,1725897091000000000,0.7681040815953994,2.829567739485692
BEV2_2024-09-09_drive3.csv,BEV2,2024-09-09 17:40:05+00:00,1725903605000000000,2.234225858041648,8.787435021263338
BEV2_2024-09-10_drive1.csv,BEV2,2024-09-10 03:31:55+00:00,1725939115000000000,1.6822124119460231,10.219449935071491
BEV2_2024-09-10_drive2.csv,BEV2,2024-09-10 07:47:15+00:00,1725954435000000000,0.3542115865124707,2.1146096594955783
BEV2_2024-09-10_drive3.csv,BEV2,2024-09-10 13:50:03+00:00,1725976203000000000,11.276242574304838,56.59453225198857
BEV2_2024-09-10_drive5.csv,BEV2,2024-09-10 19:13:43+00:00,1725995623000000000,17.42819981994041,73.58431740934665
BEV2_2024-09-10_drive6.csv,BEV2,2024-09-10 20:14:43+00:00,1725999283000000000,0.9700000000011642,5.361317941629369
BEV2_2024-09-11_drive1.csv,BEV2,2024-09-11 07:51:00+00:00,1726041060000000000,4.360110896869932,18.698205677117823
BEV2_2024-09-11_drive2.csv,BEV2,2024-09-11 11:43:18+00:00,1726054998000000000,9.066326465463405,52.29337211967324
BEV2_2024-09-12_drive2.csv,BEV2,2024-09-12 10:33:26+00:00,1726137206000000000,0.0841213595638454,0.8674934841008484
BEV2_2024-09-12_drive3.csv,BEV2,2024-09-12 10:42:39+00:00,1726137759000000000,0.3861540403827099,1.5514056413339914
BEV2_2024-09-12_drive4.csv,BEV2,2024-09-12 10:56:21+00:00,1726138581000000000,0.3602864919331282,1.6696134261489868
BEV2_2024-09-12_drive5.csv,BEV2,2024-09-12 10:58:50+00:00,1726138730000000000,0.0482466322164262,0.05961982815197
BEV2_2024-09-12_drive6.csv,BEV2,2024-09-12 13:25:14+00:00,1726147514000000000,0.9524476640474951,5.481974314175547
BEV2_2024-09-12_drive8.csv,BEV2,2024-09-12 15:59:23+00:00,1726156763000000000,0.4461085269165072,1.8390413709373143
BEV2_2024-09-13_drive1.csv,BEV2,2024-09-13 06:10:18+00:00,1726207818000000000,0.6184344075343373,2.1662699541085297
BEV2_2024-09-13_drive2.csv,BEV2,2024-09-13 09:42:10+00:00,1726220530000000000,0.8603624822180985,2.7155804862415245
BEV2_2024-09-13_drive3.csv,BEV2,2024-09-13 09:50:30+00:00,1726221030000000000,0.2881202195998657,2.130962724871137
BEV2_2024-09-13_drive4.csv,BEV2,2024-09-13 15:24:59+00:00,1726241099000000000,1.7142323544931783,8.082806182742804
BEV2_2024-09-13_drive5.csv,BEV2,2024-09-13 16:20:27+00:00,1726244427000000000,1.1720899393039304,5.191683110668419
BEV2_2024-09-13_drive6.csv,BEV2,2024-09-13 18:30:55+00:00,1726252255000000000,0.0342479225887943,0.0764064406826482
BEV2_2024-09-13_drive7.csv,BEV2,2024-09-13 20:59:31+00:00,1726261171000000000,1.5060847207328127,6.445594168534267
BEV2_2024-09-14_drive1.csv,BEV2,2024-09-14 06:45:46+00:00,1726296346000000000,0.4566083521019204,3.4356904518282843
BEV2_2024-09-14_drive2.csv,BEV2,2024-09-14 08:10:17+00:00,1726301417000000000,1.088128164321076,4.238034557452519
BEV2_2024-09-14_drive3.csv,BEV2,2024-09-14 09:50:54+00:00,1726307454000000000,9.096403399675316,47.33274904034269
BEV2_2024-09-14_drive5.csv,BEV2,2024-09-14 13:28:29+00:00,1726320509000000000,1.5022887985252569,7.853193117246276
BEV2_2024-09-14_drive7.csv,BEV2,2024-09-14 15:19:33+00:00,1726327173000000000,0.8984218598078669,4.628677817265875
BEV2_2024-09-14_drive8.csv,BEV2,2024-09-14 17:06:08+00:00,1726333568000000000,4.921999999998661,23.869862650449388
BEV2_2024-09-14_drive9.csv,BEV2,2024-09-14 19:03:32+00:00,1726340612000000000,5.064113496752161,24.23051389027819
BEV2_2024-09-15_drive1.csv,BEV2,2024-09-15 08:44:52+00:00,1726389892000000000,0.5001479180089489,2.7063630627032422
BEV2_2024-09-15_drive2.csv,BEV2,2024-09-15 09:27:08+00:00,1726392428000000000,0.3742293559698791,1.3648799798357008
BEV2_2024-09-15_drive3.csv,BEV2,2024-09-15 13:43:40+00:00,1726407820000000000,9.600511862295146,50.44117279295348
BEV2_2024-09-15_drive4.csv,BEV2,2024-09-15 15:20:12+00:00,1726413612000000000,1.132000000001426,7.414081456819737
BEV2_2024-09-15_drive5.csv,BEV2,2024-09-15 16:52:05+00:00,1726419125000000000,11.164230405256776,56.66813724702638
BEV2_2024-09-15_drive6.csv,BEV2,2024-09-15 20:55:11+00:00,1726433711000000000,0.3346796316187959,2.64513870578389
BEV2_2024-09-15_drive7.csv,BEV2,2024-09-15 21:08:54+00:00,1726434534000000000,0.2762236012962449,1.055454696251924
BEV2_2024-09-15_drive8.csv,BEV2,2024-09-15 21:22:30+00:00,1726435350000000000,0.5021489746729962,2.7173836296089178
BEV2_2024-09-16_drive3.csv,BEV2,2024-09-16 11:50:34+00:00,1726487434000000000,0.7581347386724363,3.762720866178114
BEV2_2024-09-16_drive4.csv,BEV2,2024-09-16 13:04:29+00:00,1726491869000000000,0.5342183039075674,2.3817991697080423
BEV2_2024-09-16_drive5.csv,BEV2,2024-09-16 13:38:32+00:00,1726493912000000000,0.2925235042571446,2.0908207909586003
BEV2_2024-09-16_drive6.csv,BEV2,2024-09-16 16:10:13+00:00,1726503013000000000,1.2842172443217816,4.605385755848967
BEV2_2024-09-17_drive1.csv,BEV2,2024-09-17 11:53:52+00:00,1726574032000000000,18.81251146659632,99.33884016464066
BEV2_2024-09-17_drive2.csv,BEV2,2024-09-17 17:35:13+00:00,1726594513000000000,18.30846081291892,103.1533616956742
BEV2_2024-09-17_drive3.csv,BEV2,2024-09-17 18:48:03+00:00,1726598883000000000,1.2222322882862988,4.992161899656711
BEV2_2024-09-18_drive1.csv,BEV2,2024-09-18 06:00:48+00:00,1726639248000000000,0.4665151468371787,2.1983271087491656
BEV2_2024-09-18_drive3.csv,BEV2,2024-09-18 14:15:57+00:00,1726668957000000000,4.364246146167968,21.417588971862983
BEV2_2024-09-18_drive4.csv,BEV2,2024-09-18 14:54:11+00:00,1726671251000000000,0.7562182218708161,2.741453110413772
BEV2_2024-09-18_drive5.csv,BEV2,2024-09-18 16:16:22+00:00,1726676182000000000,0.1720909049525472,1.1461318847723945
BEV2_2024-09-19_drive1.csv,BEV2,2024-09-19 06:45:01+00:00,1726728301000000000,13.82638993080046,61.44865088518458
BEV2_2024-09-19_drive2.csv,BEV2,2024-09-19 17:06:53+00:00,1726765613000000000,11.952213355040213,51.08663114802222
BEV2_2024-09-20_drive1.csv,BEV2,2024-09-20 05:38:35+00:00,1726810715000000000,0.5126916037985392,2.475367422361961
BEV2_2024-09-20_drive2.csv,BEV2,2024-09-20 16:40:20+00:00,1726850420000000000,2.042373933264289,9.92743258753529
BEV2_2024-09-20_drive3.csv,BEV2,2024-09-20 17:43:11+00:00,1726854191000000000,1.3921637122815584,7.76333120171213
BEV2_2024-09-20_drive4.csv,BEV2,2024-09-20 19:39:52+00:00,1726861192000000000,0.4285693630266083,1.2975934475721096
BEV2_2024-09-21_drive1.csv,BEV2,2024-09-21 11:42:02+00:00,1726918922000000000,6.1624869624999175,32.63551852288699
BEV2_2024-09-21_drive2.csv,BEV2,2024-09-21 12:23:45+00:00,1726921425000000000,2.928328053380024,13.491533746491251
BEV2_2024-09-21_drive3.csv,BEV2,2024-09-21 12:42:38+00:00,1726922558000000000,3.0687862259954963,17.369896267344213
BEV2_2024-09-21_drive4.csv,BEV2,2024-09-21 13:53:10+00:00,1726926790000000000,9.212116414999572,52.84724305734632
BEV2_2024-09-21_drive5.csv,BEV2,2024-09-21 18:27:35+00:00,1726943255000000000,10.492210102618683,57.10704275537624
BEV2_2024-09-21_drive7.csv,BEV2,2024-09-21 20:42:33+00:00,1726951353000000000,0.5240965304515277,1.9509070540283555
BEV2_2024-09-22_drive1.csv,BEV2,2024-09-22 09:31:34+00:00,1726997494000000000,0.5941080176165646,3.070775014329703
BEV2_2024-09-22_drive2.csv,BEV2,2024-09-22 10:14:24+00:00,1727000064000000000,0.482502017029817,2.0786702368786525
BEV2_2024-09-22_drive3.csv,BEV2,2024-09-22 12:14:57+00:00,1727007297000000000,0.8443831698754776,4.530116056662596
BEV2_2024-09-23_drive1.csv,BEV2,2024-09-23 06:15:22+00:00,1727072122000000000,0.4947601936734874,2.478509439244008
BEV2_2024-09-23_drive2.csv,BEV2,2024-09-23 09:05:06+00:00,1727082306000000000,0.8144992459159694,2.857441672078634
BEV2_2024-09-24_drive1.csv,BEV2,2024-09-24 22:04:10+00:00,1727215450000000000,0.9583108230644354,4.215932718539399
BEV2_2024-09-25_drive1.csv,BEV2,2024-09-25 07:21:56+00:00,1727248916000000000,0.7546860397702804,3.321624388966219
BEV2_2024-09-25_drive2.csv,BEV2,2024-09-25 07:29:41+00:00,1727249381000000000,0.3225838656327712,0.9041193527753844
BEV2_2024-09-25_drive3.csv,BEV2,2024-09-25 13:21:39+00:00,1727270499000000000,0.2243831181759732,2.098983547132541
BEV2_2024-09-25_drive4.csv,BEV2,2024-09-25 18:27:00+00:00,1727288820000000000,0.8022940191646339,2.8864539540365115
BEV2_2024-09-26_drive1.csv,BEV2,2024-09-26 05:58:16+00:00,1727330296000000000,0.4802686613565921,2.270270092496706
BEV2_2024-09-26_drive2.csv,BEV2,2024-09-26 17:07:59+00:00,1727370479000000000,0.4985006846964087,1.7169931053372944
BEV2_2024-09-26_drive3.csv,BEV2,2024-09-26 17:19:43+00:00,1727371183000000000,0.7962429570310533,2.989050159062878
BEV2_2024-09-27_drive1.csv,BEV2,2024-09-27 06:39:37+00:00,1727419177000000000,13.234260985987936,61.69455406789647
BEV2_2024-09-27_drive2.csv,BEV2,2024-09-27 10:39:51+00:00,1727433591000000000,14.220403226784152,58.80652931012192
BEV2_2024-09-27_drive3.csv,BEV2,2024-09-27 16:25:47+00:00,1727454347000000000,0.6820000000025175,2.536067880290246
BEV2_2024-09-27_drive4.csv,BEV2,2024-09-27 17:37:29+00:00,1727458649000000000,13.34235726060797,61.62261130983232
BEV2_2024-09-27_drive5.csv,BEV2,2024-09-27 22:27:08+00:00,1727476028000000000,13.24658384161825,53.12030312451292
BEV2_2024-09-28_drive1.csv,BEV2,2024-09-28 09:16:17+00:00,1727514977000000000,5.674442093303387,24.365504902442588
BEV2_2024-09-28_drive2.csv,BEV2,2024-09-28 11:07:46+00:00,1727521666000000000,4.676262612716416,22.514516530375744
BEV2_2024-09-28_drive4.csv,BEV2,2024-09-28 16:00:18+00:00,1727539218000000000,1.230526137049938,7.486388629242761
BEV2_2024-09-28_drive5.csv,BEV2,2024-09-28 17:06:17+00:00,1727543177000000000,10.29211694259314,56.87995879557788
BEV2_2024-09-29_drive2.csv,BEV2,2024-09-29 12:16:28+00:00,1727612188000000000,6.154118105984707,36.12861622553554
BEV2_2024-09-29_drive3.csv,BEV2,2024-09-29 13:27:09+00:00,1727616429000000000,0.5741144128652406,4.234633020575711
BEV2_2024-09-29_drive4.csv,BEV2,2024-09-29 16:05:19+00:00,1727625919000000000,0.7184325332878975,2.7802772508167384
BEV2_2024-09-30_drive1.csv,BEV2,2024-09-30 05:51:10+00:00,1727675470000000000,0.4181863920742838,2.253714036992406
BEV2_2024-09-30_drive2.csv,BEV2,2024-09-30 09:47:06+00:00,1727689626000000000,0.7802255093177425,2.787008718600977
BEV2_2024-09-30_drive3.csv,BEV2,2024-09-30 09:54:05+00:00,1727690045000000000,0.096446331087976,1.197607317175625
BEV2_2024-09-30_drive4.csv,BEV2,2024-09-30 10:56:34+00:00,1727693794000000000,0.6825950711304936,3.6020454092522485
BEV2_2024-09-30_drive5.csv,BEV2,2024-09-30 16:32:16+00:00,1727713936000000000,0.7782671146941076,2.8106862283376146
BEV2_2024-09-30_drive6.csv,BEV2,2024-09-30 19:54:48+00:00,1727726088000000000,26.26423418556868,108.5698404413487
BEV2_2024-10-01_drive2.csv,BEV2,2024-10-01 16:37:48+00:00,1727800668000000000,19.920245656385347,110.30437233218515
BEV2_2024-10-01_drive3.csv,BEV2,2024-10-01 17:37:04+00:00,1727804224000000000,0.8243415738561095,4.783728330904125
BEV2_2024-10-02_drive1.csv,BEV2,2024-10-02 06:47:26+00:00,1727851646000000000,14.42442312031427,57.59991580630175
BEV2_2024-10-02_drive2.csv,BEV2,2024-10-02 10:24:12+00:00,1727864652000000000,13.39438213968076,60.95905866292618
BEV2_2024-10-02_drive3.csv,BEV2,2024-10-02 11:42:50+00:00,1727869370000000000,0.4903846547673391,2.0488154765799576
BEV2_2024-10-02_drive4.csv,BEV2,2024-10-02 16:31:36+00:00,1727886696000000000,0.712113084407444,3.0766451973830025
BEV2_2024-10-02_drive5.csv,BEV2,2024-10-02 17:20:25+00:00,1727889625000000000,0.772340567717215,3.422264342272296
BEV2_2024-10-03_drive1.csv,BEV2,2024-10-03 05:55:55+00:00,1727934955000000000,0.750505472774856,2.0412373922321203
BEV2_2024-10-03_drive2.csv,BEV2,2024-10-03 09:48:57+00:00,1727948937000000000,0.7042329907947462,2.5815684997607447
BEV2_2024-10-03_drive3.csv,BEV2,2024-10-03 10:18:12+00:00,1727950692000000000,0.4262491219299055,2.904034431909305
BEV2_2024-10-03_drive4.csv,BEV2,2024-10-03 17:08:02+00:00,1727975282000000000,0.7702866356710293,2.7370836317635963
BEV2_2024-10-03_drive5.csv,BEV2,2024-10-03 17:50:19+00:00,1727977819000000000,1.1922133914748458,6.824312694135492
BEV2_2024-10-03_drive6.csv,BEV2,2024-10-03 19:53:24+00:00,1727985204000000000,1.424187648903088,7.511811568172653
BEV2_2024-10-04_drive2.csv,BEV2,2024-10-04 17:53:43+00:00,1728064423000000000,1.0600000000013097,4.475247644801236
BEV2_2024-10-05_drive1.csv,BEV2,2024-10-05 05:55:15+00:00,1728107715000000000,0.048866920772584,0.0368481300820595
BEV2_2024-10-06_drive1.csv,BEV2,2024-10-06 13:42:57+00:00,1728222177000000000,0.1983307740590744,0.5964239839079357
BEV2_2024-10-06_drive2.csv,BEV2,2024-10-06 15:17:55+00:00,1728227875000000000,0.3641100946378494,2.915971769541044
BEV2_2024-10-06_drive3.csv,BEV2,2024-10-06 16:39:05+00:00,1728232745000000000,0.0023724842446236,0.4311069002471934
BEV2_2024-10-07_drive1.csv,BEV2,2024-10-07 06:40:14+00:00,1728283214000000000,0.0131893742703622,0.1003689694426359
BEV2_2024-10-07_drive2.csv,BEV2,2024-10-07 18:38:03+00:00,1728326283000000000,0.2563123955994027,1.0678654490225368
BEV2_2024-10-08_drive1.csv,BEV2,2024-10-08 06:47:28+00:00,1728370048000000000,10.437999999998285,49.4935625090725
BEV2_2024-10-08_drive2.csv,BEV2,2024-10-08 10:40:53+00:00,1728384053000000000,11.044342554107702,50.256628020611934
BEV2_2024-10-08_drive3.csv,BEV2,2024-10-08 11:32:16+00:00,1728387136000000000,0.4400000000023283,1.9733575661908167
BEV2_2024-10-08_drive4.csv,BEV2,2024-10-08 12:53:11+00:00,1728391991000000000,0.6506044459597548,3.314089426091096
BEV2_2024-10-08_drive5.csv,BEV2,2024-10-08 14:57:15+00:00,1728399435000000000,9.36212423104926,47.58741725511617
BEV2_2024-10-08_drive7.csv,BEV2,2024-10-08 19:36:30+00:00,1728416190000000000,0.8680000000022119,4.441857978143018
BEV2_2024-10-09_drive1.csv,BEV2,2024-10-09 05:46:39+00:00,1728452799000000000,0.0701179059482556,0.0819443510709079
BEV2_2024-10-09_drive2.csv,BEV2,2024-10-09 09:17:02+00:00,1728465422000000000,0.3506815347873609,2.498525900359203
BEV2_2024-10-09_drive3.csv,BEV2,2024-10-09 13:35:07+00:00,1728480907000000000,0.4883920675475027,2.186502140781921
BEV2_2024-10-09_drive4.csv,BEV2,2024-10-09 16:10:44+00:00,1728490244000000000,0.8486627340056045,2.820562595108431
BEV2_2024-10-10_drive1.csv,BEV2,2024-10-10 05:48:06+00:00,1728539286000000000,0.4862071034119545,2.1588889537568425
BEV2_2024-10-10_drive2.csv,BEV2,2024-10-10 14:36:32+00:00,1728570992000000000,1.466263747176472,6.215323682838111
BEV2_2024-10-10_drive3.csv,BEV2,2024-10-10 16:40:31+00:00,1728578431000000000,1.5024500266043967,4.403392915569897
BEV2_2024-10-11_drive2.csv,BEV2,2024-10-11 17:37:20+00:00,1728668240000000000,0.8622138785354349,2.765049568615341
BEV2_2024-10-11_drive3.csv,BEV2,2024-10-11 18:18:41+00:00,1728670721000000000,0.5505500628996796,2.5505834091079507
BEV2_2024-10-11_drive4.csv,BEV2,2024-10-11 20:28:04+00:00,1728678484000000000,1.0362573956684202,2.674443491146312
BEV2_2024-10-12_drive1.csv,BEV2,2024-10-12 16:25:12+00:00,1728750312000000000,0.4524027631093467,1.4116800744741482
BEV2_2024-10-12_drive2.csv,BEV2,2024-10-12 18:15:24+00:00,1728756924000000000,0.5020972649053013,1.2921813908318125
BEV2_2024-10-13_drive2.csv,BEV2,2024-10-13 10:34:24+00:00,1728815664000000000,5.302174842011759,22.59512371558316
BEV2_2024-10-13_drive3.csv,BEV2,2024-10-13 12:02:29+00:00,1728820949000000000,0.3181022594675016,1.9646492986702184
BEV2_2024-10-13_drive5.csv,BEV2,2024-10-13 20:46:15+00:00,1728852375000000000,1.7466861156359008,7.106128961662677
BEV2_2024-10-14_drive1.csv,BEV2,2024-10-14 06:36:50+00:00,1728887810000000000,13.65250872739878,55.08496075032837
BEV2_2024-10-14_drive2.csv,BEV2,2024-10-14 10:14:11+00:00,1728900851000000000,1.3682237858857214,6.537717553093154
BEV2_2024-10-14_drive4.csv,BEV2,2024-10-14 14:52:18+00:00,1728917538000000000,8.224682863883418,37.83576021897776
BEV2_2024-10-14_drive5.csv,BEV2,2024-10-14 15:29:25+00:00,1728919765000000000,2.889999999999418,17.184624008835897
BEV2_2024-10-15_drive1.csv,BEV2,2024-10-15 06:13:37+00:00,1728972817000000000,0.2221283746016231,0.5018770790309816
BEV2_2024-10-15_drive2.csv,BEV2,2024-10-15 10:45:18+00:00,1728989118000000000,0.0821881699077616,0.0968080174950066
BEV2_2024-10-16_drive1.csv,BEV2,2024-10-16 04:03:33+00:00,1729051413000000000,0.165201544650393,0.4894963767335139
BEV2_2024-10-16_drive3.csv,BEV2,2024-10-16 07:08:27+00:00,1729062507000000000,0.3944838352179913,2.327889502259743
BEV2_2024-10-16_drive4.csv,BEV2,2024-10-16 09:39:55+00:00,1729071595000000000,0.3863422990087985,1.636140003058472
BEV2_2024-10-16_drive5.csv,BEV2,2024-10-16 09:48:21+00:00,1729072101000000000,0.3341949356635333,1.0743525704992307
BEV2_2024-10-16_drive6.csv,BEV2,2024-10-16 12:36:03+00:00,1729082163000000000,4.518321471353615,20.35089600636284
BEV2_2024-10-17_drive1.csv,BEV2,2024-10-17 22:45:02+00:00,1729205102000000000,4.954485154636499,20.915513112131265
BEV2_2024-10-18_drive1.csv,BEV2,2024-10-18 07:35:11+00:00,1729236911000000000,10.540289219288844,51.80627463381953
BEV2_2024-10-18_drive2.csv,BEV2,2024-10-18 11:46:08+00:00,1729251968000000000,10.760429812717591,52.18880010317217
BEV2_2024-10-18_drive4.csv,BEV2,2024-10-18 19:38:23+00:00,1729280303000000000,0.8284890217716555,3.050472734575024
BEV2_2024-10-19_drive1.csv,BEV2,2024-10-19 13:34:14+00:00,1729344854000000000,10.680000000000293,57.072323579515846
BEV2_2024-10-19_drive2.csv,BEV2,2024-10-19 14:04:16+00:00,1729346656000000000,1.1601370083136016,6.182628791624925
BEV2_2024-10-19_drive3.csv,BEV2,2024-10-19 16:06:38+00:00,1729353998000000000,10.920089011534213,52.83047873983727
BEV2_2024-10-19_drive5.csv,BEV2,2024-10-19 18:43:48+00:00,1729363428000000000,0.3805830214109721,1.1770422705116554
BEV2_2024-10-20_drive1.csv,BEV2,2024-10-20 09:38:49+00:00,1729417129000000000,0.5542523863415765,2.9247142463620204
BEV2_2024-10-20_drive3.csv,BEV2,2024-10-20 16:55:18+00:00,1729443318000000000,0.9943256635847524,4.782404345165065
BEV2_2024-10-20_drive4.csv,BEV2,2024-10-20 18:32:25+00:00,1729449145000000000,0.3521955901163355,2.071986024373801
BEV2_2024-10-20_drive5.csv,BEV2,2024-10-20 18:46:15+00:00,1729449975000000000,0.5663931669944401,2.412878883655297
BEV2_2024-10-21_drive1.csv,BEV2,2024-10-21 06:13:27+00:00,1729491207000000000,0.5461213220042035,2.1883530120502503
BEV2_2024-10-21_drive2.csv,BEV2,2024-10-21 10:25:38+00:00,1729506338000000000,0.0520944845129722,0.0347510410771532
BEV2_2024-10-21_drive3.csv,BEV2,2024-10-21 12:28:36+00:00,1729513716000000000,4.186106054527417,20.71030495230852
BEV2_2024-10-23_drive1.csv,BEV2,2024-10-23 22:00:33+00:00,1729720833000000000,5.462782500589212,20.991861317430327
BEV2_2024-10-24_drive2.csv,BEV2,2024-10-24 15:36:06+00:00,1729784166000000000,1.0786458168066808,4.062758513679995
BEV2_2024-10-25_drive1.csv,BEV2,2024-10-25 06:02:57+00:00,1729836177000000000,0.6262146997710403,2.1035924056684587
BEV2_2024-10-25_drive2.csv,BEV2,2024-10-25 17:19:02+00:00,1729876742000000000,1.1502376808842576,3.282851609586962
BEV2_2024-10-26_drive1.csv,BEV2,2024-10-26 14:00:28+00:00,1729951228000000000,11.574570681179992,55.348663211860185
BEV2_2024-10-26_drive2.csv,BEV2,2024-10-26 17:48:37+00:00,1729964917000000000,1.2784410487696731,6.834239323670524
BEV2_2024-10-26_drive3.csv,BEV2,2024-10-26 21:12:55+00:00,1729977175000000000,12.235999999997148,54.762601542294654
BEV2_2024-10-27_drive1.csv,BEV2,2024-10-27 10:28:23+00:00,1730024903000000000,0.4342319225886956,2.5579471220111367
BEV2_2024-10-27_drive2.csv,BEV2,2024-10-27 11:15:22+00:00,1730027722000000000,0.3962068399667058,1.4134185779862922
BEV2_2024-10-27_drive3.csv,BEV2,2024-10-27 14:02:22+00:00,1730037742000000000,6.792198057604702,37.865512269443656
BEV2_2024-10-27_drive4.csv,BEV2,2024-10-27 17:14:15+00:00,1730049255000000000,6.000529091527148,34.19743587347978
BEV2_2024-10-27_drive5.csv,BEV2,2024-10-27 21:04:36+00:00,1730063076000000000,1.3282585260397544,4.486131700575735
BEV2_2024-10-28_drive1.csv,BEV2,2024-10-28 07:21:42+00:00,1730100102000000000,0.5586272919892731,2.066337424941951
BEV2_2024-10-28_drive2.csv,BEV2,2024-10-28 11:24:46+00:00,1730114686000000000,0.764088996215617,2.8297095157685845
BEV2_2024-10-28_drive3.csv,BEV2,2024-10-28 16:04:32+00:00,1730131472000000000,2.470537442777298,11.438528092661295
BEV2_2024-10-28_drive4.csv,BEV2,2024-10-28 17:07:46+00:00,1730135266000000000,2.524503242549009,11.086222422449447
BEV2_2024-10-29_drive3.csv,BEV2,2024-10-29 15:34:36+00:00,1730216076000000000,1.080146835443874,4.9798697475904605
BEV2_2024-10-29_drive4.csv,BEV2,2024-10-29 16:44:15+00:00,1730220255000000000,13.704318935579344,79.31393894009219
BEV2_2024-10-30_drive1.csv,BEV2,2024-10-30 07:06:28+00:00,1730271988000000000,0.416293172962061,2.037003129936729
BEV2_2024-10-30_drive2.csv,BEV2,2024-10-30 10:39:00+00:00,1730284740000000000,0.7285772227585103,2.7720671268107715
BEV2_2024-10-30_drive3.csv,BEV2,2024-10-30 11:50:33+00:00,1730289033000000000,0.3344206748513394,2.0960055767807257
BEV2_2024-10-30_drive4.csv,BEV2,2024-10-30 14:42:04+00:00,1730299324000000000,0.5885373323711751,2.194649480080096
BEV2_2024-10-30_drive5.csv,BEV2,2024-10-30 17:15:30+00:00,1730308530000000000,0.9246110173297614,3.129841232317152
BEV2_2024-10-30_drive6.csv,BEV2,2024-10-30 19:42:05+00:00,1730317325000000000,1.1381947788068518,5.704284651396502
BEV2_2024-10-31_drive1.csv,BEV2,2024-10-31 06:55:25+00:00,1730357725000000000,0.4635817329879827,2.1878298438326107
BEV2_2024-10-31_drive2.csv,BEV2,2024-10-31 09:44:56+00:00,1730367896000000000,0.0486476948503212,0.1077652577697969
BEV2_2024-10-31_drive3.csv,BEV2,2024-10-31 11:11:23+00:00,1730373083000000000,0.7885162448818638,2.7670881945141272
BEV2_2024-10-31_drive4.csv,BEV2,2024-10-31 11:33:04+00:00,1730374384000000000,0.3602549523228136,2.1027652321071297
BEV2_2024-10-31_drive5.csv,BEV2,2024-10-31 16:49:29+00:00,1730393369000000000,0.9023441779979994,3.325074885664285
BEV2_2024-10-31_drive6.csv,BEV2,2024-10-31 18:30:11+00:00,1730399411000000000,0.7221225931564512,2.851819537811912
BEV2_2024-10-31_drive7.csv,BEV2,2024-10-31 20:32:22+00:00,1730406742000000000,1.094083170908375,4.328922624918786
BEV2_2024-11-01_drive1.csv,BEV2,2024-11-01 04:13:06+00:00,1730434386000000000,24.382243670844435,125.38816854899108
BEV2_2024-11-04_drive1.csv,BEV2,2024-11-04 12:23:58+00:00,1730723038000000000,21.43458956385789,115.09677551497046
BEV2_2024-11-04_drive2.csv,BEV2,2024-11-04 12:47:37+00:00,1730724457000000000,1.1382156636842566,5.956196937058181
BEV2_2024-11-04_drive3.csv,BEV2,2024-11-04 13:06:10+00:00,1730725570000000000,2.4500837194595206,13.53031786164694
BEV2_2024-11-04_drive4.csv,BEV2,2024-11-04 14:58:13+00:00,1730732293000000000,10.731999999999973,56.904987282251824
BEV2_2024-11-04_drive5.csv,BEV2,2024-11-04 16:19:52+00:00,1730737192000000000,1.282573586529469,6.354334189991276
BEV2_2024-11-04_drive6.csv,BEV2,2024-11-04 16:38:51+00:00,1730738331000000000,0.5342126168680607,2.300146831225411
BEV2_2024-11-04_drive7.csv,BEV2,2024-11-04 17:55:02+00:00,1730742902000000000,2.102532643316524,12.674643676317748
BEV2_2024-11-04_drive8.csv,BEV2,2024-11-04 21:42:11+00:00,1730756531000000000,11.058291309619229,54.90074653103095
BEV2_2024-11-05_drive2.csv,BEV2,2024-11-05 17:08:56+00:00,1730826536000000000,0.9663261741484924,2.909549645818798
BEV2_2024-11-12_drive1.csv,BEV2,2024-11-12 17:56:30+00:00,1731434190000000000,14.90847987383058,77.48253548046893
BEV2_2024-11-13_drive1.csv,BEV2,2024-11-13 07:24:58+00:00,1731482698000000000,0.8302492912545812,2.500475222502505
BEV2_2024-11-13_drive2.csv,BEV2,2024-11-13 15:27:44+00:00,1731511664000000000,2.118400065392021,8.693162498311512
BEV2_2024-11-13_drive3.csv,BEV2,2024-11-13 19:01:17+00:00,1731524477000000000,0.6828300029091674,3.720175481196587
BEV2_2024-11-13_drive4.csv,BEV2,2024-11-13 21:20:22+00:00,1731532822000000000,0.9344992596686432,3.0724901905965365
BEV2_2024-11-14_drive1.csv,BEV2,2024-11-14 07:03:02+00:00,1731567782000000000,0.6485598626440542,2.206048821893797
BEV2_2024-11-14_drive2.csv,BEV2,2024-11-14 10:39:45+00:00,1731580785000000000,5.806250212240234,31.95841406880844
BEV2_2024-11-14_drive3.csv,BEV2,2024-11-14 18:29:13+00:00,1731608953000000000,6.2942716346323735,33.16113588710902
BEV2_2024-11-15_drive2.csv,BEV2,2024-11-15 06:30:34+00:00,1731652234000000000,0.2031643372250975,0.539376748972954
BEV2_2024-11-15_drive3.csv,BEV2,2024-11-15 08:42:39+00:00,1731660159000000000,0.3883989645420623,1.9569445004972816
BEV2_2024-11-15_drive4.csv,BEV2,2024-11-15 11:10:31+00:00,1731669031000000000,0.7882463146565871,2.546976247866839
BEV2_2024-11-15_drive5.csv,BEV2,2024-11-15 12:22:29+00:00,1731673349000000000,0.3781501053105688,2.121385057335854
BEV2_2024-11-15_drive6.csv,BEV2,2024-11-15 18:10:40+00:00,1731694240000000000,0.9203642678027544,2.80231033970706
BEV2_2024-11-15_drive7.csv,BEV2,2024-11-15 19:08:44+00:00,1731697724000000000,2.938898883352732,14.558894121070246
BEV2_2024-11-15_drive8.csv,BEV2,2024-11-15 22:20:40+00:00,1731709240000000000,3.1162505877937976,16.75719945819101
BEV2_2024-11-16_drive1.csv,BEV2,2024-11-16 08:16:38+00:00,1731744998000000000,0.5185950289073309,2.500299222770723
BEV2_2024-11-16_drive2.csv,BEV2,2024-11-16 09:02:55+00:00,1731747775000000000,0.7662434344009363,2.4201383061112045
BEV2_2024-11-16_drive3.csv,BEV2,2024-11-16 10:20:12+00:00,1731752412000000000,0.7222453262659071,3.489477073560888
BEV2_2024-11-16_drive4.csv,BEV2,2024-11-16 10:30:46+00:00,1731753046000000000,0.6024047262554252,2.53779120377813
BEV2_2024-11-16_drive5.csv,BEV2,2024-11-16 15:07:39+00:00,1731769659000000000,13.708219183502084,74.9384934535224
BEV2_2024-11-16_drive6.csv,BEV2,2024-11-16 17:07:56+00:00,1731776876000000000,1.3883400459960848,7.5589782692297875
BEV2_2024-11-16_drive7.csv,BEV2,2024-11-16 18:38:53+00:00,1731782333000000000,12.98019434395273,75.90409325999455
BEV2_2024-11-17_drive1.csv,BEV2,2024-11-17 11:55:34+00:00,1731844534000000000,0.2621213920687712,0.7194648434710341
BEV2_2024-11-17_drive2.csv,BEV2,2024-11-17 20:34:47+00:00,1731875687000000000,1.4005433676675825,4.401328729416222
BEV2_2024-11-18_drive1.csv,BEV2,2024-11-18 07:18:31+00:00,1731914311000000000,0.7906065083742791,2.185303267827951
BEV2_2024-11-18_drive2.csv,BEV2,2024-11-18 11:01:21+00:00,1731927681000000000,0.8422923192803149,2.8006718181418804
BEV2_2024-11-18_drive3.csv,BEV2,2024-11-18 11:47:18+00:00,1731930438000000000,0.3043534812350355,2.056156889581629
BEV2_2024-11-18_drive4.csv,BEV2,2024-11-18 16:57:39+00:00,1731949059000000000,1.0046151066371412,2.8264583005146084
BEV2_2024-11-19_drive1.csv,BEV2,2024-11-19 07:10:15+00:00,1732000215000000000,0.7164212622667028,2.277708563781017
BEV2_2024-11-19_drive2.csv,BEV2,2024-11-19 17:42:07+00:00,1732038127000000000,0.948400671321126,2.832903341434979
BEV2_2024-11-20_drive1.csv,BEV2,2024-11-20 06:28:33+00:00,1732084113000000000,0.7239999999947031,2.2509925503313912
BEV2_2024-11-20_drive3.csv,BEV2,2024-11-20 14:38:50+00:00,1732113530000000000,15.304336981078796,72.46682889781913
BEV2_2024-11-20_drive4.csv,BEV2,2024-11-20 17:14:44+00:00,1732122884000000000,0.7983872286345086,2.3257607575060817
BEV2_2024-11-21_drive1.csv,BEV2,2024-11-21 11:34:39+00:00,1732188879000000000,0.4264718040938927,2.1056879254645646
BEV2_2024-11-21_drive2.csv,BEV2,2024-11-21 17:16:11+00:00,1732209371000000000,0.6748980240153457,2.4264557041905688
BEV2_2024-11-21_drive3.csv,BEV2,2024-11-21 17:23:17+00:00,1732209797000000000,0.4024593206245904,1.5775777969302531
BEV2_2024-11-21_drive5.csv,BEV2,2024-11-21 17:44:36+00:00,1732211076000000000,0.414173369951928,1.253966481319342
BEV2_2024-11-21_drive7.csv,BEV2,2024-11-21 22:54:37+00:00,1732229677000000000,0.9843887726535698,2.621441979620092
BEV2_2024-11-22_drive1.csv,BEV2,2024-11-22 06:13:00+00:00,1732255980000000000,1.2023210708817265,3.594320066988037
BEV2_2024-11-22_drive2.csv,BEV2,2024-11-22 09:49:04+00:00,1732268944000000000,13.90420309470323,66.95040020419074
BEV2_2024-11-22_drive3.csv,BEV2,2024-11-22 10:19:43+00:00,1732270783000000000,1.0981739283709664,4.374686408885732
BEV2_2024-11-23_drive1.csv,BEV2,2024-11-23 09:11:58+00:00,1732353118000000000,1.0446659266355502,3.3119317424785404
BEV2_2024-11-23_drive2.csv,BEV2,2024-11-23 15:33:06+00:00,1732375986000000000,0.1651391106561633,1.286813621519269
BEV2_2024-11-23_drive3.csv,BEV2,2024-11-23 16:51:59+00:00,1732380719000000000,0.2753780288490517,1.906803139649429
BEV2_2024-11-24_drive1.csv,BEV2,2024-11-24 13:42:28+00:00,1732455748000000000,1.0955360681975173,12.235140996672772
BEV2_2024-11-24_drive2.csv,BEV2,2024-11-24 18:55:20+00:00,1732474520000000000,14.713999999996304,73.888833253108
BEV2_2024-11-26_drive1.csv,BEV2,2024-11-26 12:00:30+00:00,1732622430000000000,3.4281652316983595,19.876678545646435
BEV2_2024-11-26_drive2.csv,BEV2,2024-11-26 17:07:32+00:00,1732640852000000000,5.784000000003289,31.63902291589045
BEV2_2024-11-27_drive1.csv,BEV2,2024-11-27 07:35:16+00:00,1732692916000000000,0.5412178261444225,2.0525322327796296
BEV2_2024-11-27_drive2.csv,BEV2,2024-11-27 07:54:25+00:00,1732694065000000000,1.1006772979633137,4.278191287598812
BEV2_2024-11-27_drive3.csv,BEV2,2024-11-27 14:45:46+00:00,1732718746000000000,0.5662362201408264,1.8909984061126748
BEV2_2024-11-27_drive4.csv,BEV2,2024-11-27 17:32:05+00:00,1732728725000000000,1.1602789681323162,3.93271429173632
BEV2_2024-11-27_drive5.csv,BEV2,2024-11-27 20:01:17+00:00,1732737677000000000,1.0289632155808155,3.153031217188789
BEV2_2024-11-28_drive1.csv,BEV2,2024-11-28 07:02:00+00:00,1732777320000000000,0.88508877427307,2.2043842316578384
BEV2_2024-11-28_drive2.csv,BEV2,2024-11-28 11:50:03+00:00,1732794603000000000,14.417999999997846,74.88372408242566
BEV2_2024-11-28_drive3.csv,BEV2,2024-11-28 16:22:44+00:00,1732810964000000000,14.196159261021895,80.58904184576534
BEV2_2024-11-28_drive4.csv,BEV2,2024-11-28 17:47:54+00:00,1732816074000000000,2.476267246473629,11.573896333492083
BEV2_2024-11-29_drive1.csv,BEV2,2024-11-29 07:26:25+00:00,1732865185000000000,1.4530602374212174,2.5973125455086827
BEV2_2024-11-29_drive2.csv,BEV2,2024-11-29 12:34:34+00:00,1732883674000000000,0.6629046375383126,2.435452309145676
BEV2_2024-11-29_drive3.csv,BEV2,2024-11-29 18:47:43+00:00,1732906063000000000,1.504220485080874,4.519315026000019
BEV2_2024-11-29_drive4.csv,BEV2,2024-11-29 20:34:53+00:00,1732912493000000000,1.3244568486937325,5.887187479612589
BEV2_2024-11-29_drive5.csv,BEV2,2024-11-29 20:41:32+00:00,1732912892000000000,0.3804820639123726,1.6059579255379504
BEV2_2024-11-30_drive1.csv,BEV2,2024-11-30 09:45:58+00:00,1732959958000000000,1.5042789780303574,5.081432013932686
BEV2_2024-11-30_drive2.csv,BEV2,2024-11-30 11:41:20+00:00,1732966880000000000,1.2284646809908295,5.017799376416763
BEV2_2024-11-30_drive3.csv,BEV2,2024-11-30 13:59:47+00:00,1732975187000000000,0.400595408342965,2.037120148601685
BEV2_2024-11-30_drive4.csv,BEV2,2024-11-30 14:57:28+00:00,1732978648000000000,12.020640660926706,68.04933974494149
BEV2_2024-11-30_drive5.csv,BEV2,2024-11-30 16:21:14+00:00,1732983674000000000,1.258160081648856,6.362120808245239
BEV2_2024-11-30_drive6.csv,BEV2,2024-11-30 17:13:30+00:00,1732986810000000000,8.602474334249097,49.58562782629032
BEV2_2024-11-30_drive7.csv,BEV2,2024-11-30 18:04:08+00:00,1732989848000000000,4.198198433266139,22.02453965907222
