partition,vehicle,distance_bin,ambient_bin,n,descriptive_only,group,suffix_sum_wh_per_km,full_source_sum_wh_per_km,mae_kwh,bias_kwh,combined_oracle_gain_from_H_kwh
train,BEV1,<2,<10,3,True,S-fixed,340.27933641272057,340.9906724588639,0.035399126689275216,0.01922704597321249,0.0033735214922958356
train,BEV1,<2,<10,3,True,H-frozen,340.27933641272057,340.9906724588639,0.048201993619078204,-0.018650628619543336,0.0033735214922958356
train,BEV1,<2,<10,3,True,H-online,340.27933641272057,340.9906724588639,0.048201993619078204,-0.018650628619543336,0.0033735214922958356
train,BEV1,<2,<10,3,True,O-combined,340.27933641272057,340.9906724588639,0.04482847212678237,0.022404995712866433,0.0033735214922958356
train,BEV1,<2,<10,3,True,O-time,340.27933641272057,340.9906724588639,0.04723909507084772,-0.017919705031834963,0.0033735214922958356
train,BEV1,<2,<10,3,True,O-motion,340.27933641272057,340.9906724588639,0.02905133081737814,0.018165129000317738,0.0033735214922958356
train,BEV1,<2,<10,3,True,O-quality,340.27933641272057,340.9906724588639,0.04184058021012812,-0.011894227131547459,0.0033735214922958356
train,BEV1,<2,10-25,11,False,S-fixed,358.74849289250943,359.1186473532541,0.06578211380681104,-0.05729449221057174,0.011986453207244568
train,BEV1,<2,10-25,11,False,H-frozen,358.74849289250943,359.1186473532541,0.05647305691116732,-0.05331357820470906,0.011986453207244568
train,BEV1,<2,10-25,11,False,H-online,358.74849289250943,359.1186473532541,0.05647305691116732,-0.05331357820470906,0.011986453207244568
train,BEV1,<2,10-25,11,False,O-combined,358.74849289250943,359.1186473532541,0.04448660370392274,-0.04330019137263603,0.011986453207244568
train,BEV1,<2,10-25,11,False,O-time,358.74849289250943,359.1186473532541,0.04728653073157609,-0.04597229547388614,0.011986453207244568
train,BEV1,<2,10-25,11,False,O-motion,358.74849289250943,359.1186473532541,0.05238470892451594,-0.05223506987223178,0.011986453207244568
train,BEV1,<2,10-25,11,False,O-quality,358.74849289250943,359.1186473532541,0.05519922116713436,-0.051040819442655525,0.011986453207244568
train,BEV1,<2,>25,5,True,S-fixed,420.1813341195813,420.3550196908087,0.028378907921317986,-0.004473403427042088,0.006462323793090774
train,BEV1,<2,>25,5,True,H-frozen,420.1813341195813,420.3550196908087,0.023356891059188024,0.0018546823785978162,0.006462323793090774
train,BEV1,<2,>25,5,True,H-online,420.1813341195813,420.3550196908087,0.023356891059188024,0.0018546823785978162,0.006462323793090774
train,BEV1,<2,>25,5,True,O-combined,420.1813341195813,420.3550196908087,0.016894567266097248,-0.006631040065015581,0.006462323793090774
train,BEV1,<2,>25,5,True,O-time,420.1813341195813,420.3550196908087,0.012480728251105693,0.0030273908714448404,0.006462323793090774
train,BEV1,<2,>25,5,True,O-motion,420.1813341195813,420.3550196908087,0.03532917593089744,-0.007968281180321102,0.006462323793090774
train,BEV1,<2,>25,5,True,O-quality,420.1813341195813,420.3550196908087,0.02126332337985993,-0.0018337283078507071,0.006462323793090774
train,BEV1,<2,missing,0,True,S-fixed,,,,,
train,BEV1,<2,missing,0,True,H-frozen,,,,,
train,BEV1,<2,missing,0,True,H-online,,,,,
train,BEV1,<2,missing,0,True,O-combined,,,,,
train,BEV1,<2,missing,0,True,O-time,,,,,
train,BEV1,<2,missing,0,True,O-motion,,,,,
train,BEV1,<2,missing,0,True,O-quality,,,,,
train,BEV1,2-10,<10,9,True,S-fixed,228.66761836904294,228.71632817604385,0.059353110329484204,-0.04439100918579962,0.014492485508049553
train,BEV1,2-10,<10,9,True,H-frozen,228.66761836904294,228.71632817604385,0.06682980321045515,-0.046762794406776616,0.014492485508049553
train,BEV1,2-10,<10,9,True,H-online,228.66761836904294,228.71632817604385,0.06682980321045515,-0.046762794406776616,0.014492485508049553
train,BEV1,2-10,<10,9,True,O-combined,228.66761836904294,228.71632817604385,0.0523373177024056,-0.03596817892234992,0.014492485508049553
train,BEV1,2-10,<10,9,True,O-time,228.66761836904294,228.71632817604385,0.05189791146505026,-0.043210675016383156,0.014492485508049553
train,BEV1,2-10,<10,9,True,O-motion,228.66761836904294,228.71632817604385,0.050035304351741826,-0.03117786058851117,0.014492485508049553
train,BEV1,2-10,<10,9,True,O-quality,228.66761836904294,228.71632817604385,0.05410442481966033,-0.043751851534592504,0.014492485508049553
train,BEV1,2-10,10-25,27,False,S-fixed,180.14246578589544,180.173826622183,0.015367433231882225,0.005961744877319246,0.008902765503799339
train,BEV1,2-10,10-25,27,False,H-frozen,180.14246578589544,180.173826622183,0.016874675434995455,0.015575617483340893,0.008902765503799339
train,BEV1,2-10,10-25,27,False,H-online,180.14246578589544,180.173826622183,0.016874675434995455,0.015575617483340893,0.008902765503799339
train,BEV1,2-10,10-25,27,False,O-combined,180.14246578589544,180.173826622183,0.007971909931196116,0.006562561646777166,0.008902765503799339
train,BEV1,2-10,10-25,27,False,O-time,180.14246578589544,180.173826622183,0.01367571202791601,0.012374242747792433,0.008902765503799339
train,BEV1,2-10,10-25,27,False,O-motion,180.14246578589544,180.173826622183,0.010359365256053655,0.005864564099505015,0.008902765503799339
train,BEV1,2-10,10-25,27,False,O-quality,180.14246578589544,180.173826622183,0.01610754650353957,0.012949165921536887,0.008902765503799339
train,BEV1,2-10,>25,8,True,S-fixed,217.16257466275763,217.2021355028786,0.11072375203618866,-0.08829422765328222,0.006691763343138479
train,BEV1,2-10,>25,8,True,H-frozen,217.16257466275763,217.2021355028786,0.0940427029208847,-0.08554446368100953,0.006691763343138479
train,BEV1,2-10,>25,8,True,H-online,217.16257466275763,217.2021355028786,0.0940427029208847,-0.08554446368100953,0.006691763343138479
train,BEV1,2-10,>25,8,True,O-combined,217.16257466275763,217.2021355028786,0.08735093957774621,-0.08126871670499332,0.006691763343138479
train,BEV1,2-10,>25,8,True,O-time,217.16257466275763,217.2021355028786,0.08520326627461065,-0.07540331731520998,0.006691763343138479
train,BEV1,2-10,>25,8,True,O-motion,217.16257466275763,217.2021355028786,0.08994054499164411,-0.08823108822884987,0.006691763343138479
train,BEV1,2-10,>25,8,True,O-quality,217.16257466275763,217.2021355028786,0.09337584401082115,-0.09236182570643565,0.006691763343138479
train,BEV1,2-10,missing,0,True,S-fixed,,,,,
train,BEV1,2-10,missing,0,True,H-frozen,,,,,
train,BEV1,2-10,missing,0,True,H-online,,,,,
train,BEV1,2-10,missing,0,True,O-combined,,,,,
train,BEV1,2-10,missing,0,True,O-time,,,,,
train,BEV1,2-10,missing,0,True,O-motion,,,,,
train,BEV1,2-10,missing,0,True,O-quality,,,,,
train,BEV1,10-50,<10,11,False,S-fixed,233.896671702904,233.9147713564622,0.25422426069394344,-0.23565895728803943,-0.03866128398582633
train,BEV1,10-50,<10,11,False,H-frozen,233.896671702904,233.9147713564622,0.27781470035671085,-0.2185807240802662,-0.03866128398582633
train,BEV1,10-50,<10,11,False,H-online,233.896671702904,233.9147713564622,0.27781470035671085,-0.2185807240802662,-0.03866128398582633
train,BEV1,10-50,<10,11,False,O-combined,233.896671702904,233.9147713564622,0.3164759843425372,-0.21783510408078327,-0.03866128398582633
train,BEV1,10-50,<10,11,False,O-time,233.896671702904,233.9147713564622,0.2784237531457037,-0.222544956224871,-0.03866128398582633
train,BEV1,10-50,<10,11,False,O-motion,233.896671702904,233.9147713564622,0.26645723392855997,-0.22494328701240454,-0.03866128398582633
train,BEV1,10-50,<10,11,False,O-quality,233.896671702904,233.9147713564622,0.26104492900862114,-0.21061626735400185,-0.03866128398582633
train,BEV1,10-50,10-25,72,False,S-fixed,186.22055072045575,186.22640717087594,0.11858118350191774,0.04096764197025184,0.018839794415576025
train,BEV1,10-50,10-25,72,False,H-frozen,186.22055072045575,186.22640717087594,0.1068360843176394,0.02628342280327277,0.018839794415576025
train,BEV1,10-50,10-25,72,False,H-online,186.22055072045575,186.22640717087594,0.1068360843176394,0.02628342280327277,0.018839794415576025
train,BEV1,10-50,10-25,72,False,O-combined,186.22055072045575,186.22640717087594,0.08799628990206337,0.03188503216409085,0.018839794415576025
train,BEV1,10-50,10-25,72,False,O-time,186.22055072045575,186.22640717087594,0.10479744117219364,0.028763256072017525,0.018839794415576025
train,BEV1,10-50,10-25,72,False,O-motion,186.22055072045575,186.22640717087594,0.09301374672206035,0.038654718744270455,0.018839794415576025
train,BEV1,10-50,10-25,72,False,O-quality,186.22055072045575,186.22640717087594,0.09756963212678331,0.02090644638201203,0.018839794415576025
train,BEV1,10-50,>25,14,False,S-fixed,172.81471077248864,172.82844881091697,0.22688053835055233,0.04635504780596559,0.08585073341056522
train,BEV1,10-50,>25,14,False,H-frozen,172.81471077248864,172.82844881091697,0.19986087409888625,0.11386382417723599,0.08585073341056522
train,BEV1,10-50,>25,14,False,H-online,172.81471077248864,172.82844881091697,0.19986087409888625,0.11386382417723599,0.08585073341056522
train,BEV1,10-50,>25,14,False,O-combined,172.81471077248864,172.82844881091697,0.11401014068832103,0.023593392535093072,0.08585073341056522
train,BEV1,10-50,>25,14,False,O-time,172.81471077248864,172.82844881091697,0.17916397634328204,0.06722733096303145,0.08585073341056522
train,BEV1,10-50,>25,14,False,O-motion,172.81471077248864,172.82844881091697,0.13384709075626883,0.04855117624755274,0.08585073341056522
train,BEV1,10-50,>25,14,False,O-quality,172.81471077248864,172.82844881091697,0.2073601817458163,0.08622177779628934,0.08585073341056522
train,BEV1,10-50,missing,0,True,S-fixed,,,,,
train,BEV1,10-50,missing,0,True,H-frozen,,,,,
train,BEV1,10-50,missing,0,True,H-online,,,,,
train,BEV1,10-50,missing,0,True,O-combined,,,,,
train,BEV1,10-50,missing,0,True,O-time,,,,,
train,BEV1,10-50,missing,0,True,O-motion,,,,,
train,BEV1,10-50,missing,0,True,O-quality,,,,,
train,BEV1,>=50,<10,3,True,S-fixed,267.3909367579056,267.3949210721772,2.5072720315219557,-2.5072720315219557,0.6909191575094003
train,BEV1,>=50,<10,3,True,H-frozen,267.3909367579056,267.3949210721772,2.377330806132638,-2.377330806132638,0.6909191575094003
train,BEV1,>=50,<10,3,True,H-online,267.3909367579056,267.3949210721772,2.377330806132638,-2.377330806132638,0.6909191575094003
train,BEV1,>=50,<10,3,True,O-combined,267.3909367579056,267.3949210721772,1.6864116486232377,-1.6864116486232377,0.6909191575094003
train,BEV1,>=50,<10,3,True,O-time,267.3909367579056,267.3949210721772,2.2224901440740967,-2.2224901440740967,0.6909191575094003
train,BEV1,>=50,<10,3,True,O-motion,267.3909367579056,267.3949210721772,1.866892304245301,-1.866892304245301,0.6909191575094003
train,BEV1,>=50,<10,3,True,O-quality,267.3909367579056,267.3949210721772,1.7145941759140566,-1.7145941759140566,0.6909191575094003
train,BEV1,>=50,10-25,13,False,S-fixed,230.49311078287167,230.49493762479526,0.9898230729828743,-0.733917477732207,0.03874970430262122
train,BEV1,>=50,10-25,13,False,H-frozen,230.49311078287167,230.49493762479526,0.9632793538720714,-0.7853688863311544,0.03874970430262122
train,BEV1,>=50,10-25,13,False,H-online,230.49311078287167,230.49493762479526,0.9632793538720714,-0.7853688863311544,0.03874970430262122
train,BEV1,>=50,10-25,13,False,O-combined,230.49311078287167,230.49493762479526,0.9245296495694503,-0.5742981279503347,0.03874970430262122
train,BEV1,>=50,10-25,13,False,O-time,230.49311078287167,230.49493762479526,0.8933504363975042,-0.7108805312844252,0.03874970430262122
train,BEV1,>=50,10-25,13,False,O-motion,230.49311078287167,230.49493762479526,0.9052715380055762,-0.6131837242432212,0.03874970430262122
train,BEV1,>=50,10-25,13,False,O-quality,230.49311078287167,230.49493762479526,0.8906329074965466,-0.5101450306146404,0.03874970430262122
train,BEV1,>=50,>25,6,True,S-fixed,223.2372438474627,223.2393711022197,1.4165113650979142,-0.7538564201607102,0.03815912902302987
train,BEV1,>=50,>25,6,True,H-frozen,223.2372438474627,223.2393711022197,1.449947285290726,-0.8498132492600448,0.03815912902302987
train,BEV1,>=50,>25,6,True,H-online,223.2372438474627,223.2393711022197,1.449947285290726,-0.8498132492600448,0.03815912902302987
train,BEV1,>=50,>25,6,True,O-combined,223.2372438474627,223.2393711022197,1.4117881562676962,-0.8906857605622737,0.03815912902302987
train,BEV1,>=50,>25,6,True,O-time,223.2372438474627,223.2393711022197,1.4223268025327602,-0.7030858451840091,0.03815912902302987
train,BEV1,>=50,>25,6,True,O-motion,223.2372438474627,223.2393711022197,1.4336457166584797,-0.8833014673476333,0.03815912902302987
train,BEV1,>=50,>25,6,True,O-quality,223.2372438474627,223.2393711022197,1.4585288844307602,-0.787014276272823,0.03815912902302987
train,BEV1,>=50,missing,0,True,S-fixed,,,,,
train,BEV1,>=50,missing,0,True,H-frozen,,,,,
train,BEV1,>=50,missing,0,True,H-online,,,,,
train,BEV1,>=50,missing,0,True,O-combined,,,,,
train,BEV1,>=50,missing,0,True,O-time,,,,,
train,BEV1,>=50,missing,0,True,O-motion,,,,,
train,BEV1,>=50,missing,0,True,O-quality,,,,,
train,BEV2,<2,<10,11,False,S-fixed,257.06431066592603,258.6356856426322,0.025586136648808877,0.025583755642249916,0.015418239663295528
train,BEV2,<2,<10,11,False,H-frozen,257.06431066592603,258.6356856426322,0.019439441663336134,0.00895304850605845,0.015418239663295528
train,BEV2,<2,<10,11,False,H-online,257.06431066592603,258.6356856426322,0.019439441663336134,0.00895304850605845,0.015418239663295528
train,BEV2,<2,<10,11,False,O-combined,257.06431066592603,258.6356856426322,0.00402120200004061,0.003049588381647962,0.015418239663295528
train,BEV2,<2,<10,11,False,O-time,257.06431066592603,258.6356856426322,0.007460944720214243,0.0068288500341470324,0.015418239663295528
train,BEV2,<2,<10,11,False,O-motion,257.06431066592603,258.6356856426322,0.006519909548968886,0.003517241587149969,0.015418239663295528
train,BEV2,<2,<10,11,False,O-quality,257.06431066592603,258.6356856426322,0.006376635740350386,0.006298966290909475,0.015418239663295528
train,BEV2,<2,10-25,55,False,S-fixed,245.5648536108401,245.9695975873388,0.007367312462926794,0.00029959289038169367,-0.002450156099311469
train,BEV2,<2,10-25,55,False,H-frozen,245.5648536108401,245.9695975873388,0.004576845430862907,0.0005474783601938887,-0.002450156099311469
train,BEV2,<2,10-25,55,False,H-online,245.5648536108401,245.9695975873388,0.004576845430862907,0.0005474783601938887,-0.002450156099311469
train,BEV2,<2,10-25,55,False,O-combined,245.5648536108401,245.9695975873388,0.0070270015301743755,0.003234002084652601,-0.002450156099311469
train,BEV2,<2,10-25,55,False,O-time,245.5648536108401,245.9695975873388,0.005513794712798097,0.0006759318224565559,-0.002450156099311469
train,BEV2,<2,10-25,55,False,O-motion,245.5648536108401,245.9695975873388,0.004925499442966269,0.0035877135356477347,-0.002450156099311469
train,BEV2,<2,10-25,55,False,O-quality,245.5648536108401,245.9695975873388,0.004219927294400997,0.0010265294857624732,-0.002450156099311469
train,BEV2,<2,>25,10,False,S-fixed,304.1864653567222,304.41037044355505,0.03551518289931336,-0.033186467230658344,0.0054542432468868045
train,BEV2,<2,>25,10,False,H-frozen,304.1864653567222,304.41037044355505,0.026646525208303306,-0.026132930015475408,0.0054542432468868045
train,BEV2,<2,>25,10,False,H-online,304.1864653567222,304.41037044355505,0.026646525208303306,-0.026132930015475408,0.0054542432468868045
train,BEV2,<2,>25,10,False,O-combined,304.1864653567222,304.41037044355505,0.021192281961416502,-0.02105605245107604,0.0054542432468868045
train,BEV2,<2,>25,10,False,O-time,304.1864653567222,304.41037044355505,0.03142291096269226,-0.03139734927768139,0.0054542432468868045
train,BEV2,<2,>25,10,False,O-motion,304.1864653567222,304.41037044355505,0.01664194002152858,-0.013072288990787911,0.0054542432468868045
train,BEV2,<2,>25,10,False,O-quality,304.1864653567222,304.41037044355505,0.019048615550551172,-0.018533181467201947,0.0054542432468868045
train,BEV2,<2,missing,0,True,S-fixed,,,,,
train,BEV2,<2,missing,0,True,H-frozen,,,,,
train,BEV2,<2,missing,0,True,H-online,,,,,
train,BEV2,<2,missing,0,True,O-combined,,,,,
train,BEV2,<2,missing,0,True,O-time,,,,,
train,BEV2,<2,missing,0,True,O-motion,,,,,
train,BEV2,<2,missing,0,True,O-quality,,,,,
train,BEV2,2-10,<10,37,False,S-fixed,270.3710348693462,270.6113849099496,0.07279462983638382,-0.007716109399917562,0.00531906893448599
train,BEV2,2-10,<10,37,False,H-frozen,270.3710348693462,270.6113849099496,0.05129264791770003,-0.016855195250086507,0.00531906893448599
train,BEV2,2-10,<10,37,False,H-online,270.3710348693462,270.6113849099496,0.05129264791770003,-0.016855195250086507,0.00531906893448599
train,BEV2,2-10,<10,37,False,O-combined,270.3710348693462,270.6113849099496,0.045973578983214046,-0.02256257042059667,0.00531906893448599
train,BEV2,2-10,<10,37,False,O-time,270.3710348693462,270.6113849099496,0.05158300164949741,-0.023971485100284472,0.00531906893448599
train,BEV2,2-10,<10,37,False,O-motion,270.3710348693462,270.6113849099496,0.04376370931758948,-0.018300467981687895,0.00531906893448599
train,BEV2,2-10,<10,37,False,O-quality,270.3710348693462,270.6113849099496,0.049497342871109115,-0.01569394065507074,0.00531906893448599
train,BEV2,2-10,10-25,252,False,S-fixed,212.24156460151988,212.3369724479158,0.039048968184250785,-0.016432271757875167,0.0060496800926051475
train,BEV2,2-10,10-25,252,False,H-frozen,212.24156460151988,212.3369724479158,0.03198513074548184,-0.015412661794132018,0.0060496800926051475
train,BEV2,2-10,10-25,252,False,H-online,212.24156460151988,212.3369724479158,0.03198513074548184,-0.015412661794132018,0.0060496800926051475
train,BEV2,2-10,10-25,252,False,O-combined,212.24156460151988,212.3369724479158,0.025935450652876696,-0.010929504139982634,0.0060496800926051475
train,BEV2,2-10,10-25,252,False,O-time,212.24156460151988,212.3369724479158,0.026878090265135254,-0.01172794236286411,0.0060496800926051475
train,BEV2,2-10,10-25,252,False,O-motion,212.24156460151988,212.3369724479158,0.026095337372901796,-0.012279756395771826,0.0060496800926051475
train,BEV2,2-10,10-25,252,False,O-quality,212.24156460151988,212.3369724479158,0.032891942579504854,-0.01569711075067979,0.0060496800926051475
train,BEV2,2-10,>25,43,False,S-fixed,194.7975203573567,194.856580709442,0.056544051529074296,-0.00010856403738045366,0.025458399599815155
train,BEV2,2-10,>25,43,False,H-frozen,194.7975203573567,194.856580709442,0.04427158279626342,0.0036640693050980382,0.025458399599815155
train,BEV2,2-10,>25,43,False,H-online,194.7975203573567,194.856580709442,0.04427158279626342,0.0036640693050980382,0.025458399599815155
train,BEV2,2-10,>25,43,False,O-combined,194.7975203573567,194.856580709442,0.018813183196448265,-0.002397525730558386,0.025458399599815155
train,BEV2,2-10,>25,43,False,O-time,194.7975203573567,194.856580709442,0.039264810358358854,0.011155654089859244,0.025458399599815155
train,BEV2,2-10,>25,43,False,O-motion,194.7975203573567,194.856580709442,0.02529035749213189,0.004262470146840259,0.025458399599815155
train,BEV2,2-10,>25,43,False,O-quality,194.7975203573567,194.856580709442,0.03377995658289117,-0.006711174155064054,0.025458399599815155
train,BEV2,2-10,missing,0,True,S-fixed,,,,,
train,BEV2,2-10,missing,0,True,H-frozen,,,,,
train,BEV2,2-10,missing,0,True,H-online,,,,,
train,BEV2,2-10,missing,0,True,O-combined,,,,,
train,BEV2,2-10,missing,0,True,O-time,,,,,
train,BEV2,2-10,missing,0,True,O-motion,,,,,
train,BEV2,2-10,missing,0,True,O-quality,,,,,
train,BEV2,10-50,<10,8,True,S-fixed,201.30605354393478,201.29044871048754,0.20102231113375923,0.007310150766724477,0.1169299543121412
train,BEV2,10-50,<10,8,True,H-frozen,201.30605354393478,201.29044871048754,0.23685684271892798,-0.02686042156869367,0.1169299543121412
train,BEV2,10-50,<10,8,True,H-online,201.30605354393478,201.29044871048754,0.23685684271892798,-0.02686042156869367,0.1169299543121412
train,BEV2,10-50,<10,8,True,O-combined,201.30605354393478,201.29044871048754,0.11992688840678678,-0.006824841983879004,0.1169299543121412
train,BEV2,10-50,<10,8,True,O-time,201.30605354393478,201.29044871048754,0.23865118331258378,-0.017351847311672774,0.1169299543121412
train,BEV2,10-50,<10,8,True,O-motion,201.30605354393478,201.29044871048754,0.10288651875906629,-0.03176268389646908,0.1169299543121412
train,BEV2,10-50,<10,8,True,O-quality,201.30605354393478,201.29044871048754,0.13336406928978162,-0.035917688475332166,0.1169299543121412
train,BEV2,10-50,10-25,65,False,S-fixed,189.9513500663313,189.9621210935753,0.1635654564273748,0.04104261682470498,0.1125095902532067
train,BEV2,10-50,10-25,65,False,H-frozen,189.9513500663313,189.9621210935753,0.2118711719169465,0.08896245275404006,0.1125095902532067
train,BEV2,10-50,10-25,65,False,H-online,189.9513500663313,189.9621210935753,0.2118711719169465,0.08896245275404006,0.1125095902532067
train,BEV2,10-50,10-25,65,False,O-combined,189.9513500663313,189.9621210935753,0.09936158166373979,0.047710512775213564,0.1125095902532067
train,BEV2,10-50,10-25,65,False,O-time,189.9513500663313,189.9621210935753,0.18282014522505743,0.061923013315599296,0.1125095902532067
train,BEV2,10-50,10-25,65,False,O-motion,189.9513500663313,189.9621210935753,0.11253948758547207,0.04019804915681769,0.1125095902532067
train,BEV2,10-50,10-25,65,False,O-quality,189.9513500663313,189.9621210935753,0.1282744266902447,0.0578673520648178,0.1125095902532067
train,BEV2,10-50,>25,26,False,S-fixed,194.08682938076433,194.09836996129314,0.19018579798015786,-0.03633756463047003,0.07076680355474524
train,BEV2,10-50,>25,26,False,H-frozen,194.08682938076433,194.09836996129314,0.17500124916690396,-0.014496586851928365,0.07076680355474524
train,BEV2,10-50,>25,26,False,H-online,194.08682938076433,194.09836996129314,0.17500124916690396,-0.014496586851928365,0.07076680355474524
train,BEV2,10-50,>25,26,False,O-combined,194.08682938076433,194.09836996129314,0.10423444561215872,-0.028226024563380456,0.07076680355474524
train,BEV2,10-50,>25,26,False,O-time,194.08682938076433,194.09836996129314,0.15641512460425344,-0.03107055695992681,0.07076680355474524
train,BEV2,10-50,>25,26,False,O-motion,194.08682938076433,194.09836996129314,0.16889481211226462,-0.022997581902587723,0.07076680355474524
train,BEV2,10-50,>25,26,False,O-quality,194.08682938076433,194.09836996129314,0.08958802904814465,-0.003393251606599278,0.07076680355474524
train,BEV2,10-50,missing,0,True,S-fixed,,,,,
train,BEV2,10-50,missing,0,True,H-frozen,,,,,
train,BEV2,10-50,missing,0,True,H-online,,,,,
train,BEV2,10-50,missing,0,True,O-combined,,,,,
train,BEV2,10-50,missing,0,True,O-time,,,,,
train,BEV2,10-50,missing,0,True,O-motion,,,,,
train,BEV2,10-50,missing,0,True,O-quality,,,,,
train,BEV2,>=50,<10,10,False,S-fixed,206.6555832488275,206.66333893994442,0.5531745031257209,-0.22927652469344828,0.09494608901519648
train,BEV2,>=50,<10,10,False,H-frozen,206.6555832488275,206.66333893994442,0.5961309052482935,-0.15355763857150534,0.09494608901519648
train,BEV2,>=50,<10,10,False,H-online,206.6555832488275,206.66333893994442,0.5961309052482935,-0.15355763857150534,0.09494608901519648
train,BEV2,>=50,<10,10,False,O-combined,206.6555832488275,206.66333893994442,0.5011848162330971,-0.13160323315793293,0.09494608901519648
train,BEV2,>=50,<10,10,False,O-time,206.6555832488275,206.66333893994442,0.6276892142339442,-0.15484417808821788,0.09494608901519648
train,BEV2,>=50,<10,10,False,O-motion,206.6555832488275,206.66333893994442,0.5443405443928093,-0.2436163208549406,0.09494608901519648
train,BEV2,>=50,<10,10,False,O-quality,206.6555832488275,206.66333893994442,0.4661868782035075,-0.15358195757758003,0.09494608901519648
train,BEV2,>=50,10-25,52,False,S-fixed,203.56839511851757,203.5741616702019,0.6079578900295756,0.044535148270052005,0.13000823178903848
train,BEV2,>=50,10-25,52,False,H-frozen,203.56839511851757,203.5741616702019,0.64595094551177,0.0724938057424226,0.13000823178903848
train,BEV2,>=50,10-25,52,False,H-online,203.56839511851757,203.5741616702019,0.64595094551177,0.0724938057424226,0.13000823178903848
train,BEV2,>=50,10-25,52,False,O-combined,203.56839511851757,203.5741616702019,0.5159427137227317,0.036635833205932805,0.13000823178903848
train,BEV2,>=50,10-25,52,False,O-time,203.56839511851757,203.5741616702019,0.607988049413035,0.07747862015744822,0.13000823178903848
train,BEV2,>=50,10-25,52,False,O-motion,203.56839511851757,203.5741616702019,0.4949947111607095,-0.029020782867465702,0.13000823178903848
train,BEV2,>=50,10-25,52,False,O-quality,203.56839511851757,203.5741616702019,0.5526186002396059,0.1202154620812301,0.13000823178903848
train,BEV2,>=50,>25,15,False,S-fixed,199.52070948947204,199.52557889634767,0.28755472856267184,0.13490187435794118,0.06905372850701154
train,BEV2,>=50,>25,15,False,H-frozen,199.52070948947204,199.52557889634767,0.2167991880306115,0.10766314372929517,0.06905372850701154
train,BEV2,>=50,>25,15,False,H-online,199.52070948947204,199.52557889634767,0.2167991880306115,0.10766314372929517,0.06905372850701154
train,BEV2,>=50,>25,15,False,O-combined,199.52070948947204,199.52557889634767,0.14774545952359996,0.024146194790851894,0.06905372850701154
train,BEV2,>=50,>25,15,False,O-time,199.52070948947204,199.52557889634767,0.23389537023475715,0.10757703900643871,0.06905372850701154
train,BEV2,>=50,>25,15,False,O-motion,199.52070948947204,199.52557889634767,0.17451771199498853,0.012619433945563566,0.06905372850701154
train,BEV2,>=50,>25,15,False,O-quality,199.52070948947204,199.52557889634767,0.22539052177540608,0.03756049375553434,0.06905372850701154
train,BEV2,>=50,missing,0,True,S-fixed,,,,,
train,BEV2,>=50,missing,0,True,H-frozen,,,,,
train,BEV2,>=50,missing,0,True,H-online,,,,,
train,BEV2,>=50,missing,0,True,O-combined,,,,,
train,BEV2,>=50,missing,0,True,O-time,,,,,
train,BEV2,>=50,missing,0,True,O-motion,,,,,
train,BEV2,>=50,missing,0,True,O-quality,,,,,
validation,BEV1,<2,<10,11,False,S-fixed,442.9851384307767,443.4700808157414,0.12726754080229108,-0.00030323499046330804,-0.0028643076166758393
validation,BEV1,<2,<10,11,False,H-frozen,442.9851384307767,443.4700808157414,0.11927544425520407,0.01472623445207027,-0.0028643076166758393
validation,BEV1,<2,<10,11,False,H-online,442.9851384307767,443.4700808157414,0.11462500070087124,0.012104896091089955,-0.0028643076166758393
validation,BEV1,<2,<10,11,False,O-combined,442.9851384307767,443.4700808157414,0.12213975187187988,0.05096314518945136,-0.0028643076166758393
validation,BEV1,<2,<10,11,False,O-time,442.9851384307767,443.4700808157414,0.10696457202499841,0.026313047772808337,-0.0028643076166758393
validation,BEV1,<2,<10,11,False,O-motion,442.9851384307767,443.4700808157414,0.09594198575139642,0.0015413913479084475,-0.0028643076166758393
validation,BEV1,<2,<10,11,False,O-quality,442.9851384307767,443.4700808157414,0.13151247288635257,0.05530302241310518,-0.0028643076166758393
validation,BEV1,<2,10-25,4,True,S-fixed,445.24686861427597,445.6955833305152,0.08555802370969032,-0.08370083848456208,0.0002755661480597464
validation,BEV1,<2,10-25,4,True,H-frozen,445.24686861427597,445.6955833305152,0.08092709062847753,-0.03506403716727877,0.0002755661480597464
validation,BEV1,<2,10-25,4,True,H-online,445.24686861427597,445.6955833305152,0.07978782969996094,-0.01964835301140651,0.0002755661480597464
validation,BEV1,<2,10-25,4,True,O-combined,445.24686861427597,445.6955833305152,0.08065152448041778,-0.004251280452650122,0.0002755661480597464
validation,BEV1,<2,10-25,4,True,O-time,445.24686861427597,445.6955833305152,0.0748633547826185,-0.052401497682270426,0.0002755661480597464
validation,BEV1,<2,10-25,4,True,O-motion,445.24686861427597,445.6955833305152,0.08933529642089794,-0.04705464379896876,0.0002755661480597464
validation,BEV1,<2,10-25,4,True,O-quality,445.24686861427597,445.6955833305152,0.0691258078880827,-0.05646244780875574,0.0002755661480597464
validation,BEV1,<2,>25,0,True,S-fixed,,,,,
validation,BEV1,<2,>25,0,True,H-frozen,,,,,
validation,BEV1,<2,>25,0,True,H-online,,,,,
validation,BEV1,<2,>25,0,True,O-combined,,,,,
validation,BEV1,<2,>25,0,True,O-time,,,,,
validation,BEV1,<2,>25,0,True,O-motion,,,,,
validation,BEV1,<2,>25,0,True,O-quality,,,,,
validation,BEV1,<2,missing,0,True,S-fixed,,,,,
validation,BEV1,<2,missing,0,True,H-frozen,,,,,
validation,BEV1,<2,missing,0,True,H-online,,,,,
validation,BEV1,<2,missing,0,True,O-combined,,,,,
validation,BEV1,<2,missing,0,True,O-time,,,,,
validation,BEV1,<2,missing,0,True,O-motion,,,,,
validation,BEV1,<2,missing,0,True,O-quality,,,,,
validation,BEV1,2-10,<10,23,False,S-fixed,228.10697361807124,228.1630488074013,0.1563315120024917,-0.03971713942180519,-0.028969838659550027
validation,BEV1,2-10,<10,23,False,H-frozen,228.10697361807124,228.1630488074013,0.1740353281628389,-0.09341265024920044,-0.028969838659550027
validation,BEV1,2-10,<10,23,False,H-online,228.10697361807124,228.1630488074013,0.16190819405331738,-0.09110607223190591,-0.028969838659550027
validation,BEV1,2-10,<10,23,False,O-combined,228.10697361807124,228.1630488074013,0.20300516682238898,-0.11731143329720903,-0.028969838659550027
validation,BEV1,2-10,<10,23,False,O-time,228.10697361807124,228.1630488074013,0.171354033704651,-0.13183694803235313,-0.028969838659550027
validation,BEV1,2-10,<10,23,False,O-motion,228.10697361807124,228.1630488074013,0.2310913908649762,-0.19103537958355768,-0.028969838659550027
validation,BEV1,2-10,<10,23,False,O-quality,228.10697361807124,228.1630488074013,0.18700979196330864,-0.04920970449944234,-0.028969838659550027
validation,BEV1,2-10,10-25,14,False,S-fixed,198.17946309050976,198.21539268529602,0.0896535379706908,0.0032942625140682407,-0.08008066794819778
validation,BEV1,2-10,10-25,14,False,H-frozen,198.17946309050976,198.21539268529602,0.07725334312741838,-0.008411818062071807,-0.08008066794819778
validation,BEV1,2-10,10-25,14,False,H-online,198.17946309050976,198.21539268529602,0.07894053796599211,0.021905789586958626,-0.08008066794819778
validation,BEV1,2-10,10-25,14,False,O-combined,198.17946309050976,198.21539268529602,0.1573340110756162,-0.10472762630466619,-0.08008066794819778
validation,BEV1,2-10,10-25,14,False,O-time,198.17946309050976,198.21539268529602,0.11232516547574115,-0.05493414776955482,-0.08008066794819778
validation,BEV1,2-10,10-25,14,False,O-motion,198.17946309050976,198.21539268529602,0.1727846495913906,-0.14145701351720047,-0.08008066794819778
validation,BEV1,2-10,10-25,14,False,O-quality,198.17946309050976,198.21539268529602,0.10569279830826712,-0.02237159619423651,-0.08008066794819778
validation,BEV1,2-10,>25,0,True,S-fixed,,,,,
validation,BEV1,2-10,>25,0,True,H-frozen,,,,,
validation,BEV1,2-10,>25,0,True,H-online,,,,,
validation,BEV1,2-10,>25,0,True,O-combined,,,,,
validation,BEV1,2-10,>25,0,True,O-time,,,,,
validation,BEV1,2-10,>25,0,True,O-motion,,,,,
validation,BEV1,2-10,>25,0,True,O-quality,,,,,
validation,BEV1,2-10,missing,0,True,S-fixed,,,,,
validation,BEV1,2-10,missing,0,True,H-frozen,,,,,
validation,BEV1,2-10,missing,0,True,H-online,,,,,
validation,BEV1,2-10,missing,0,True,O-combined,,,,,
validation,BEV1,2-10,missing,0,True,O-time,,,,,
validation,BEV1,2-10,missing,0,True,O-motion,,,,,
validation,BEV1,2-10,missing,0,True,O-quality,,,,,
validation,BEV1,10-50,<10,21,False,S-fixed,220.05282884181048,220.07245849043505,0.39930795319226464,-0.17206749838100321,0.1255908102597172
validation,BEV1,10-50,<10,21,False,H-frozen,220.05282884181048,220.07245849043505,0.5180767011489662,-0.4686295935201434,0.1255908102597172
validation,BEV1,10-50,<10,21,False,H-online,220.05282884181048,220.07245849043505,0.3691840215732098,-0.2574813698807312,0.1255908102597172
validation,BEV1,10-50,<10,21,False,O-combined,220.05282884181048,220.07245849043505,0.3924858908892489,-0.3585826939200269,0.1255908102597172
validation,BEV1,10-50,<10,21,False,O-time,220.05282884181048,220.07245849043505,0.4429259103918651,-0.38555349992973864,0.1255908102597172
validation,BEV1,10-50,<10,21,False,O-motion,220.05282884181048,220.07245849043505,0.440880647326389,-0.41145536330115556,0.1255908102597172
validation,BEV1,10-50,<10,21,False,O-quality,220.05282884181048,220.07245849043505,0.37772977741073915,-0.3213039143695215,0.1255908102597172
validation,BEV1,10-50,10-25,14,False,S-fixed,219.44284138428714,219.45527071345688,0.4190041209723673,-0.23156473224716514,-0.07285971272572896
validation,BEV1,10-50,10-25,14,False,H-frozen,219.44284138428714,219.45527071345688,0.5339977679188206,-0.47896403296422907,-0.07285971272572896
validation,BEV1,10-50,10-25,14,False,H-online,219.44284138428714,219.45527071345688,0.3831964599030449,-0.16139351976342192,-0.07285971272572896
validation,BEV1,10-50,10-25,14,False,O-combined,219.44284138428714,219.45527071345688,0.6068574806445496,-0.6068574806445496,-0.07285971272572896
validation,BEV1,10-50,10-25,14,False,O-time,219.44284138428714,219.45527071345688,0.5211318218430737,-0.4056820721885576,-0.07285971272572896
validation,BEV1,10-50,10-25,14,False,O-motion,219.44284138428714,219.45527071345688,0.6560913543587436,-0.6560913543587436,-0.07285971272572896
validation,BEV1,10-50,10-25,14,False,O-quality,219.44284138428714,219.45527071345688,0.46797041432362124,-0.46472137177015976,-0.07285971272572896
validation,BEV1,10-50,>25,0,True,S-fixed,,,,,
validation,BEV1,10-50,>25,0,True,H-frozen,,,,,
validation,BEV1,10-50,>25,0,True,H-online,,,,,
validation,BEV1,10-50,>25,0,True,O-combined,,,,,
validation,BEV1,10-50,>25,0,True,O-time,,,,,
validation,BEV1,10-50,>25,0,True,O-motion,,,,,
validation,BEV1,10-50,>25,0,True,O-quality,,,,,
validation,BEV1,10-50,missing,0,True,S-fixed,,,,,
validation,BEV1,10-50,missing,0,True,H-frozen,,,,,
validation,BEV1,10-50,missing,0,True,H-online,,,,,
validation,BEV1,10-50,missing,0,True,O-combined,,,,,
validation,BEV1,10-50,missing,0,True,O-time,,,,,
validation,BEV1,10-50,missing,0,True,O-motion,,,,,
validation,BEV1,10-50,missing,0,True,O-quality,,,,,
validation,BEV1,>=50,<10,5,True,S-fixed,261.26238835589794,261.26451115429245,3.38498795367707,-3.38498795367707,0.4104962121222929
validation,BEV1,>=50,<10,5,True,H-frozen,261.26238835589794,261.26451115429245,3.711078516436963,-3.711078516436963,0.4104962121222929
validation,BEV1,>=50,<10,5,True,H-online,261.26238835589794,261.26451115429245,3.2952974660104166,-3.2394678600831077,0.4104962121222929
validation,BEV1,>=50,<10,5,True,O-combined,261.26238835589794,261.26451115429245,3.3005823043146707,-3.3005823043146707,0.4104962121222929
validation,BEV1,>=50,<10,5,True,O-time,261.26238835589794,261.26451115429245,3.6585287822842787,-3.6585287822842787,0.4104962121222929
validation,BEV1,>=50,<10,5,True,O-motion,261.26238835589794,261.26451115429245,3.5889609636029633,-3.5561794163984004,0.4104962121222929
validation,BEV1,>=50,<10,5,True,O-quality,261.26238835589794,261.26451115429245,3.155272452788938,-3.155272452788938,0.4104962121222929
validation,BEV1,>=50,10-25,2,True,S-fixed,263.626961637907,263.6316028876625,2.5157216412442773,-2.5157216412442773,0.14593649304034173
validation,BEV1,>=50,10-25,2,True,H-frozen,263.626961637907,263.6316028876625,2.8241584890690943,-2.8241584890690943,0.14593649304034173
validation,BEV1,>=50,10-25,2,True,H-online,263.626961637907,263.6316028876625,2.441779660725036,-2.441779660725036,0.14593649304034173
validation,BEV1,>=50,10-25,2,True,O-combined,263.626961637907,263.6316028876625,2.6782219960287525,-2.6782219960287525,0.14593649304034173
validation,BEV1,>=50,10-25,2,True,O-time,263.626961637907,263.6316028876625,2.990310984946487,-2.990310984946487,0.14593649304034173
validation,BEV1,>=50,10-25,2,True,O-motion,263.626961637907,263.6316028876625,2.9074655864840615,-2.9074655864840615,0.14593649304034173
validation,BEV1,>=50,10-25,2,True,O-quality,263.626961637907,263.6316028876625,2.5812724979809705,-2.5812724979809705,0.14593649304034173
validation,BEV1,>=50,>25,0,True,S-fixed,,,,,
validation,BEV1,>=50,>25,0,True,H-frozen,,,,,
validation,BEV1,>=50,>25,0,True,H-online,,,,,
validation,BEV1,>=50,>25,0,True,O-combined,,,,,
validation,BEV1,>=50,>25,0,True,O-time,,,,,
validation,BEV1,>=50,>25,0,True,O-motion,,,,,
validation,BEV1,>=50,>25,0,True,O-quality,,,,,
validation,BEV1,>=50,missing,0,True,S-fixed,,,,,
validation,BEV1,>=50,missing,0,True,H-frozen,,,,,
validation,BEV1,>=50,missing,0,True,H-online,,,,,
validation,BEV1,>=50,missing,0,True,O-combined,,,,,
validation,BEV1,>=50,missing,0,True,O-time,,,,,
validation,BEV1,>=50,missing,0,True,O-motion,,,,,
validation,BEV1,>=50,missing,0,True,O-quality,,,,,
validation,BEV2,<2,<10,17,False,S-fixed,338.2948170566478,338.747715495266,0.10012006523945999,0.03856963968895119,0.014779536293648855
validation,BEV2,<2,<10,17,False,H-frozen,338.2948170566478,338.747715495266,0.11764331310527595,0.06264175060071465,0.014779536293648855
validation,BEV2,<2,<10,17,False,H-online,338.2948170566478,338.747715495266,0.11295526826386564,0.031176708208874904,0.014779536293648855
validation,BEV2,<2,<10,17,False,O-combined,338.2948170566478,338.747715495266,0.1028637768116271,0.0909590089237512,0.014779536293648855
validation,BEV2,<2,<10,17,False,O-time,338.2948170566478,338.747715495266,0.09618352264517513,0.023856634346120297,0.014779536293648855
validation,BEV2,<2,<10,17,False,O-motion,338.2948170566478,338.747715495266,0.11464104739142648,0.10091532282281067,0.014779536293648855
validation,BEV2,<2,<10,17,False,O-quality,338.2948170566478,338.747715495266,0.11024788752294223,0.05237264106105896,0.014779536293648855
validation,BEV2,<2,10-25,2,True,S-fixed,293.3451743104828,293.1243026887598,0.06111511224312263,0.06111511224312263,7.002304207587295e-05
validation,BEV2,<2,10-25,2,True,H-frozen,293.3451743104828,293.1243026887598,0.0692270746660692,0.0692270746660692,7.002304207587295e-05
validation,BEV2,<2,10-25,2,True,H-online,293.3451743104828,293.1243026887598,0.07109379730901383,0.06780127747359765,7.002304207587295e-05
validation,BEV2,<2,10-25,2,True,O-combined,293.3451743104828,293.1243026887598,0.06915705162399333,0.06915705162399333,7.002304207587295e-05
validation,BEV2,<2,10-25,2,True,O-time,293.3451743104828,293.1243026887598,0.051484281721106154,0.051484281721106154,7.002304207587295e-05
validation,BEV2,<2,10-25,2,True,O-motion,293.3451743104828,293.1243026887598,0.07273703341781754,0.06666521395633582,7.002304207587295e-05
validation,BEV2,<2,10-25,2,True,O-quality,293.3451743104828,293.1243026887598,0.07934172971215753,0.07934172971215753,7.002304207587295e-05
validation,BEV2,<2,>25,0,True,S-fixed,,,,,
validation,BEV2,<2,>25,0,True,H-frozen,,,,,
validation,BEV2,<2,>25,0,True,H-online,,,,,
validation,BEV2,<2,>25,0,True,O-combined,,,,,
validation,BEV2,<2,>25,0,True,O-time,,,,,
validation,BEV2,<2,>25,0,True,O-motion,,,,,
validation,BEV2,<2,>25,0,True,O-quality,,,,,
validation,BEV2,<2,missing,0,True,S-fixed,,,,,
validation,BEV2,<2,missing,0,True,H-frozen,,,,,
validation,BEV2,<2,missing,0,True,H-online,,,,,
validation,BEV2,<2,missing,0,True,O-combined,,,,,
validation,BEV2,<2,missing,0,True,O-time,,,,,
validation,BEV2,<2,missing,0,True,O-motion,,,,,
validation,BEV2,<2,missing,0,True,O-quality,,,,,
validation,BEV2,2-10,<10,39,False,S-fixed,256.7343855472454,256.4952730253572,0.16444009213932026,0.00937800549043874,-0.004335332966039386
validation,BEV2,2-10,<10,39,False,H-frozen,256.7343855472454,256.4952730253572,0.16353125483602493,0.02636418906916054,-0.004335332966039386
validation,BEV2,2-10,<10,39,False,H-online,256.7343855472454,256.4952730253572,0.15924765695322626,0.0016243456683723517,-0.004335332966039386
validation,BEV2,2-10,<10,39,False,O-combined,256.7343855472454,256.4952730253572,0.16786658780206432,0.043955381245522084,-0.004335332966039386
validation,BEV2,2-10,<10,39,False,O-time,256.7343855472454,256.4952730253572,0.1407268952597982,0.0081096249441604,-0.004335332966039386
validation,BEV2,2-10,<10,39,False,O-motion,256.7343855472454,256.4952730253572,0.1728570480472291,0.0504274891302144,-0.004335332966039386
validation,BEV2,2-10,<10,39,False,O-quality,256.7343855472454,256.4952730253572,0.19717527973283533,0.04597852245051605,-0.004335332966039386
validation,BEV2,2-10,10-25,6,True,S-fixed,232.5635956228505,232.6546602020687,0.09988649788566785,-0.06105352293879801,-0.017548073200764885
validation,BEV2,2-10,10-25,6,True,H-frozen,232.5635956228505,232.6546602020687,0.09199880714067726,-0.007742145284340862,-0.017548073200764885
validation,BEV2,2-10,10-25,6,True,H-online,232.5635956228505,232.6546602020687,0.1071877022305327,-0.04615793751647792,-0.017548073200764885
validation,BEV2,2-10,10-25,6,True,O-combined,232.5635956228505,232.6546602020687,0.10954688034144215,0.053263935299973496,-0.017548073200764885
validation,BEV2,2-10,10-25,6,True,O-time,232.5635956228505,232.6546602020687,0.06735730673025897,-0.020902697636438927,-0.017548073200764885
validation,BEV2,2-10,10-25,6,True,O-motion,232.5635956228505,232.6546602020687,0.08538472457391127,0.01952346286932884,-0.017548073200764885
validation,BEV2,2-10,10-25,6,True,O-quality,232.5635956228505,232.6546602020687,0.10643344771743385,0.004305124705341075,-0.017548073200764885
validation,BEV2,2-10,>25,0,True,S-fixed,,,,,
validation,BEV2,2-10,>25,0,True,H-frozen,,,,,
validation,BEV2,2-10,>25,0,True,H-online,,,,,
validation,BEV2,2-10,>25,0,True,O-combined,,,,,
validation,BEV2,2-10,>25,0,True,O-time,,,,,
validation,BEV2,2-10,>25,0,True,O-motion,,,,,
validation,BEV2,2-10,>25,0,True,O-quality,,,,,
validation,BEV2,2-10,missing,0,True,S-fixed,,,,,
validation,BEV2,2-10,missing,0,True,H-frozen,,,,,
validation,BEV2,2-10,missing,0,True,H-online,,,,,
validation,BEV2,2-10,missing,0,True,O-combined,,,,,
validation,BEV2,2-10,missing,0,True,O-time,,,,,
validation,BEV2,2-10,missing,0,True,O-motion,,,,,
validation,BEV2,2-10,missing,0,True,O-quality,,,,,
validation,BEV2,10-50,<10,17,False,S-fixed,189.5333559584695,189.6056135861804,0.5968295104788007,0.4619402373456595,0.13503081107956802
validation,BEV2,10-50,<10,17,False,H-frozen,189.5333559584695,189.6056135861804,0.5410487716009151,0.2801746279459325,0.13503081107956802
validation,BEV2,10-50,<10,17,False,H-online,189.5333559584695,189.6056135861804,0.5749196258902732,0.2603376776575068,0.13503081107956802
validation,BEV2,10-50,<10,17,False,O-combined,189.5333559584695,189.6056135861804,0.4060179605213472,0.0751364665638802,0.13503081107956802
validation,BEV2,10-50,<10,17,False,O-time,189.5333559584695,189.6056135861804,0.5335371783368844,0.2989329393233297,0.13503081107956802
validation,BEV2,10-50,<10,17,False,O-motion,189.5333559584695,189.6056135861804,0.4931023714416798,0.2633551545116502,0.13503081107956802
validation,BEV2,10-50,<10,17,False,O-quality,189.5333559584695,189.6056135861804,0.4499505031834357,0.03215951060384049,0.13503081107956802
validation,BEV2,10-50,10-25,1,True,S-fixed,197.77936578468595,197.83854385133222,0.0017603409052706631,0.0017603409052706631,-0.4187705460146671
validation,BEV2,10-50,10-25,1,True,H-frozen,197.77936578468595,197.83854385133222,0.08621638795244158,-0.08621638795244158,-0.4187705460146671
validation,BEV2,10-50,10-25,1,True,H-online,197.77936578468595,197.83854385133222,0.1349057256758983,-0.1349057256758983,-0.4187705460146671
validation,BEV2,10-50,10-25,1,True,O-combined,197.77936578468595,197.83854385133222,0.5049869339671087,-0.5049869339671087,-0.4187705460146671
validation,BEV2,10-50,10-25,1,True,O-time,197.77936578468595,197.83854385133222,0.11832423455863106,-0.11832423455863106,-0.4187705460146671
validation,BEV2,10-50,10-25,1,True,O-motion,197.77936578468595,197.83854385133222,0.3959190299704862,-0.3959190299704862,-0.4187705460146671
validation,BEV2,10-50,10-25,1,True,O-quality,197.77936578468595,197.83854385133222,0.558937592343483,-0.558937592343483,-0.4187705460146671
validation,BEV2,10-50,>25,0,True,S-fixed,,,,,
validation,BEV2,10-50,>25,0,True,H-frozen,,,,,
validation,BEV2,10-50,>25,0,True,H-online,,,,,
validation,BEV2,10-50,>25,0,True,O-combined,,,,,
validation,BEV2,10-50,>25,0,True,O-time,,,,,
validation,BEV2,10-50,>25,0,True,O-motion,,,,,
validation,BEV2,10-50,>25,0,True,O-quality,,,,,
validation,BEV2,10-50,missing,0,True,S-fixed,,,,,
validation,BEV2,10-50,missing,0,True,H-frozen,,,,,
validation,BEV2,10-50,missing,0,True,H-online,,,,,
validation,BEV2,10-50,missing,0,True,O-combined,,,,,
validation,BEV2,10-50,missing,0,True,O-time,,,,,
validation,BEV2,10-50,missing,0,True,O-motion,,,,,
validation,BEV2,10-50,missing,0,True,O-quality,,,,,
validation,BEV2,>=50,<10,10,False,S-fixed,195.69347984848233,195.7026307058627,0.3966350833546043,0.0711348527229502,-0.02527665785982407
validation,BEV2,>=50,<10,10,False,H-frozen,195.69347984848233,195.7026307058627,0.42028515820475293,0.03750865894082054,-0.02527665785982407
validation,BEV2,>=50,<10,10,False,H-online,195.69347984848233,195.7026307058627,0.41640459288795134,0.13366745675534092,-0.02527665785982407
validation,BEV2,>=50,<10,10,False,O-combined,195.69347984848233,195.7026307058627,0.445561816064577,-0.24216019003159667,-0.02527665785982407
validation,BEV2,>=50,<10,10,False,O-time,195.69347984848233,195.7026307058627,0.47766254920408785,0.06614215386885292,-0.02527665785982407
validation,BEV2,>=50,<10,10,False,O-motion,195.69347984848233,195.7026307058627,0.37507173632377666,-0.03290355112784571,-0.02527665785982407
validation,BEV2,>=50,<10,10,False,O-quality,195.69347984848233,195.7026307058627,0.5685689127977402,-0.2260983003545773,-0.02527665785982407
validation,BEV2,>=50,10-25,2,True,S-fixed,185.1722942177291,185.17778751334853,0.47776932721231535,0.47776932721231535,0.4953366468900091
validation,BEV2,>=50,10-25,2,True,H-frozen,185.1722942177291,185.17778751334853,0.6765853854572539,0.6765853854572539,0.4953366468900091
validation,BEV2,>=50,10-25,2,True,H-online,185.1722942177291,185.17778751334853,0.7086002851133335,0.7086002851133335,0.4953366468900091
validation,BEV2,>=50,10-25,2,True,O-combined,185.1722942177291,185.17778751334853,0.18124873856724477,0.18124873856724477,0.4953366468900091
validation,BEV2,>=50,10-25,2,True,O-time,185.1722942177291,185.17778751334853,0.5891284668992389,0.5891284668992389,0.4953366468900091
validation,BEV2,>=50,10-25,2,True,O-motion,185.1722942177291,185.17778751334853,0.18787269127608397,0.18787269127608397,0.4953366468900091
validation,BEV2,>=50,10-25,2,True,O-quality,185.1722942177291,185.17778751334853,0.29194691135957207,0.29194691135957207,0.4953366468900091
validation,BEV2,>=50,>25,0,True,S-fixed,,,,,
validation,BEV2,>=50,>25,0,True,H-frozen,,,,,
validation,BEV2,>=50,>25,0,True,H-online,,,,,
validation,BEV2,>=50,>25,0,True,O-combined,,,,,
validation,BEV2,>=50,>25,0,True,O-time,,,,,
validation,BEV2,>=50,>25,0,True,O-motion,,,,,
validation,BEV2,>=50,>25,0,True,O-quality,,,,,
validation,BEV2,>=50,missing,0,True,S-fixed,,,,,
validation,BEV2,>=50,missing,0,True,H-frozen,,,,,
validation,BEV2,>=50,missing,0,True,H-online,,,,,
validation,BEV2,>=50,missing,0,True,O-combined,,,,,
validation,BEV2,>=50,missing,0,True,O-time,,,,,
validation,BEV2,>=50,missing,0,True,O-motion,,,,,
validation,BEV2,>=50,missing,0,True,O-quality,,,,,
development,BEV1,<2,<10,4,True,S-fixed,567.632014485348,568.3414498518563,0.10171187072378668,-0.011110767346899454,0.04336528101302654
development,BEV1,<2,<10,4,True,H-frozen,567.632014485348,568.3414498518563,0.1144279396790625,-0.012969239777162321,0.04336528101302654
development,BEV1,<2,<10,4,True,H-online,567.632014485348,568.3414498518563,0.0902887886742996,-0.05156918363708124,0.04336528101302654
development,BEV1,<2,<10,4,True,O-combined,567.632014485348,568.3414498518563,0.07106265866603595,-0.019989131753314612,0.04336528101302654
development,BEV1,<2,<10,4,True,O-time,567.632014485348,568.3414498518563,0.07563726286209604,-0.02767481906128367,0.04336528101302654
development,BEV1,<2,<10,4,True,O-motion,567.632014485348,568.3414498518563,0.09428045740891594,-0.028598745508526605,0.04336528101302654
development,BEV1,<2,<10,4,True,O-quality,567.632014485348,568.3414498518563,0.11492337826595425,-0.0030663479659866558,0.04336528101302654
development,BEV1,<2,10-25,1,True,S-fixed,292.2421735382424,292.3122612471668,0.009847227059150587,0.009847227059150587,-0.016065114340294118
development,BEV1,<2,10-25,1,True,H-frozen,292.2421735382424,292.3122612471668,0.0010696844681356565,-0.0010696844681356565,-0.016065114340294118
development,BEV1,<2,10-25,1,True,H-online,292.2421735382424,292.3122612471668,0.0041165866623859015,0.0041165866623859015,-0.016065114340294118
development,BEV1,<2,10-25,1,True,O-combined,292.2421735382424,292.3122612471668,0.017134798808429774,-0.017134798808429774,-0.016065114340294118
development,BEV1,<2,10-25,1,True,O-time,292.2421735382424,292.3122612471668,0.004979089342277143,-0.004979089342277143,-0.016065114340294118
development,BEV1,<2,10-25,1,True,O-motion,292.2421735382424,292.3122612471668,0.02477314314538709,-0.02477314314538709,-0.016065114340294118
development,BEV1,<2,10-25,1,True,O-quality,292.2421735382424,292.3122612471668,0.007324513020761092,-0.007324513020761092,-0.016065114340294118
development,BEV1,<2,>25,1,True,S-fixed,179.81769701370473,179.9913426645656,0.019771696857164678,0.019771696857164678,0.026864956403551576
development,BEV1,<2,>25,1,True,H-frozen,179.81769701370473,179.9913426645656,0.07076806020240606,0.07076806020240606,0.026864956403551576
development,BEV1,<2,>25,1,True,H-online,179.81769701370473,179.9913426645656,0.08859204681685617,0.08859204681685617,0.026864956403551576
development,BEV1,<2,>25,1,True,O-combined,179.81769701370473,179.9913426645656,0.04390310379885448,-0.04390310379885448,0.026864956403551576
development,BEV1,<2,>25,1,True,O-time,179.81769701370473,179.9913426645656,0.047876433457823275,0.047876433457823275,0.026864956403551576
development,BEV1,<2,>25,1,True,O-motion,179.81769701370473,179.9913426645656,0.12411140089852482,-0.12411140089852482,0.026864956403551576
development,BEV1,<2,>25,1,True,O-quality,179.81769701370473,179.9913426645656,0.10306605781376982,0.10306605781376982,0.026864956403551576
development,BEV1,<2,missing,0,True,S-fixed,,,,,
development,BEV1,<2,missing,0,True,H-frozen,,,,,
development,BEV1,<2,missing,0,True,H-online,,,,,
development,BEV1,<2,missing,0,True,O-combined,,,,,
development,BEV1,<2,missing,0,True,O-time,,,,,
development,BEV1,<2,missing,0,True,O-motion,,,,,
development,BEV1,<2,missing,0,True,O-quality,,,,,
development,BEV1,2-10,<10,4,True,S-fixed,195.40913518868825,195.48178856667036,0.16204484491755167,0.12859710855480128,0.0012486546731699244
development,BEV1,2-10,<10,4,True,H-frozen,195.40913518868825,195.48178856667036,0.15403232089262608,0.132615223428092,0.0012486546731699244
development,BEV1,2-10,<10,4,True,H-online,195.40913518868825,195.48178856667036,0.18831703433580443,0.14137039427078024,0.0012486546731699244
development,BEV1,2-10,<10,4,True,O-combined,195.40913518868825,195.48178856667036,0.15278366621945616,0.1074612850660873,0.0012486546731699244
development,BEV1,2-10,<10,4,True,O-time,195.40913518868825,195.48178856667036,0.12524065000636053,0.0790034993009807,0.0012486546731699244
development,BEV1,2-10,<10,4,True,O-motion,195.40913518868825,195.48178856667036,0.17523902658851898,0.12505511846604972,0.0012486546731699244
development,BEV1,2-10,<10,4,True,O-quality,195.40913518868825,195.48178856667036,0.16141807485971627,0.15819387606065233,0.0012486546731699244
development,BEV1,2-10,10-25,6,True,S-fixed,177.6783825336064,177.72101551680424,0.15293278884595535,-0.031080900359332326,-0.10598913368182401
development,BEV1,2-10,10-25,6,True,H-frozen,177.6783825336064,177.72101551680424,0.0787333364101205,0.04068702588999257,-0.10598913368182401
development,BEV1,2-10,10-25,6,True,H-online,177.6783825336064,177.72101551680424,0.10855277927663953,0.09435139062715354,-0.10598913368182401
development,BEV1,2-10,10-25,6,True,O-combined,177.6783825336064,177.72101551680424,0.18472247009194454,-0.13596326087944557,-0.10598913368182401
development,BEV1,2-10,10-25,6,True,O-time,177.6783825336064,177.72101551680424,0.08885524720756188,-0.0038918951444866976,-0.10598913368182401
development,BEV1,2-10,10-25,6,True,O-motion,177.6783825336064,177.72101551680424,0.14761535308681967,-0.10455963010534654,-0.10598913368182401
development,BEV1,2-10,10-25,6,True,O-quality,177.6783825336064,177.72101551680424,0.09682047482106865,0.05430300490927029,-0.10598913368182401
development,BEV1,2-10,>25,0,True,S-fixed,,,,,
development,BEV1,2-10,>25,0,True,H-frozen,,,,,
development,BEV1,2-10,>25,0,True,H-online,,,,,
development,BEV1,2-10,>25,0,True,O-combined,,,,,
development,BEV1,2-10,>25,0,True,O-time,,,,,
development,BEV1,2-10,>25,0,True,O-motion,,,,,
development,BEV1,2-10,>25,0,True,O-quality,,,,,
development,BEV1,2-10,missing,0,True,S-fixed,,,,,
development,BEV1,2-10,missing,0,True,H-frozen,,,,,
development,BEV1,2-10,missing,0,True,H-online,,,,,
development,BEV1,2-10,missing,0,True,O-combined,,,,,
development,BEV1,2-10,missing,0,True,O-time,,,,,
development,BEV1,2-10,missing,0,True,O-motion,,,,,
development,BEV1,2-10,missing,0,True,O-quality,,,,,
development,BEV1,10-50,<10,0,True,S-fixed,,,,,
development,BEV1,10-50,<10,0,True,H-frozen,,,,,
development,BEV1,10-50,<10,0,True,H-online,,,,,
development,BEV1,10-50,<10,0,True,O-combined,,,,,
development,BEV1,10-50,<10,0,True,O-time,,,,,
development,BEV1,10-50,<10,0,True,O-motion,,,,,
development,BEV1,10-50,<10,0,True,O-quality,,,,,
development,BEV1,10-50,10-25,8,True,S-fixed,164.85472131542699,164.86111215877227,0.6502032887915342,0.6429169622919396,0.2970928387675817
development,BEV1,10-50,10-25,8,True,H-frozen,164.85472131542699,164.86111215877227,0.5974089881663379,0.5112149312728541,0.2970928387675817
development,BEV1,10-50,10-25,8,True,H-online,164.85472131542699,164.86111215877227,0.608061797792994,0.5663512782000167,0.2970928387675817
development,BEV1,10-50,10-25,8,True,O-combined,164.85472131542699,164.86111215877227,0.3003161493987563,-0.005556269323617052,0.2970928387675817
development,BEV1,10-50,10-25,8,True,O-time,164.85472131542699,164.86111215877227,0.6037819706673971,0.5632437756133447,0.2970928387675817
development,BEV1,10-50,10-25,8,True,O-motion,164.85472131542699,164.86111215877227,0.3220516746587406,0.09392782263456953,0.2970928387675817
development,BEV1,10-50,10-25,8,True,O-quality,164.85472131542699,164.86111215877227,0.3950617276555578,0.28342928890536934,0.2970928387675817
development,BEV1,10-50,>25,0,True,S-fixed,,,,,
development,BEV1,10-50,>25,0,True,H-frozen,,,,,
development,BEV1,10-50,>25,0,True,H-online,,,,,
development,BEV1,10-50,>25,0,True,O-combined,,,,,
development,BEV1,10-50,>25,0,True,O-time,,,,,
development,BEV1,10-50,>25,0,True,O-motion,,,,,
development,BEV1,10-50,>25,0,True,O-quality,,,,,
development,BEV1,10-50,missing,0,True,S-fixed,,,,,
development,BEV1,10-50,missing,0,True,H-frozen,,,,,
development,BEV1,10-50,missing,0,True,H-online,,,,,
development,BEV1,10-50,missing,0,True,O-combined,,,,,
development,BEV1,10-50,missing,0,True,O-time,,,,,
development,BEV1,10-50,missing,0,True,O-motion,,,,,
development,BEV1,10-50,missing,0,True,O-quality,,,,,
development,BEV1,>=50,<10,1,True,S-fixed,192.4159903650898,192.4180945318686,1.2649986765572052,1.2649986765572052,0.8160965718346862
development,BEV1,>=50,<10,1,True,H-frozen,192.4159903650898,192.4180945318686,0.8639003490162835,0.8639003490162835,0.8160965718346862
development,BEV1,>=50,<10,1,True,H-online,192.4159903650898,192.4180945318686,1.0367517328126823,1.0367517328126823,0.8160965718346862
development,BEV1,>=50,<10,1,True,O-combined,192.4159903650898,192.4180945318686,0.04780377718159734,0.04780377718159734,0.8160965718346862
development,BEV1,>=50,<10,1,True,O-time,192.4159903650898,192.4180945318686,0.9333988840613117,0.9333988840613117,0.8160965718346862
development,BEV1,>=50,<10,1,True,O-motion,192.4159903650898,192.4180945318686,0.28908457863989767,0.28908457863989767,0.8160965718346862
development,BEV1,>=50,<10,1,True,O-quality,192.4159903650898,192.4180945318686,0.32962119905039344,0.32962119905039344,0.8160965718346862
development,BEV1,>=50,10-25,2,True,S-fixed,181.6328223227391,181.63663284695005,1.7726153405797662,1.7726153405797662,0.32979917084886523
development,BEV1,>=50,10-25,2,True,H-frozen,181.6328223227391,181.63663284695005,1.294473131020327,1.294473131020327,0.32979917084886523
development,BEV1,>=50,10-25,2,True,H-online,181.6328223227391,181.63663284695005,1.5692853901657422,1.5692853901657422,0.32979917084886523
development,BEV1,>=50,10-25,2,True,O-combined,181.6328223227391,181.63663284695005,0.9646739601714618,0.9646739601714618,0.32979917084886523
development,BEV1,>=50,10-25,2,True,O-time,181.6328223227391,181.63663284695005,1.4684227926222437,1.4684227926222437,0.32979917084886523
development,BEV1,>=50,10-25,2,True,O-motion,181.6328223227391,181.63663284695005,1.3464909378102554,1.3464909378102554,0.32979917084886523
development,BEV1,>=50,10-25,2,True,O-quality,181.6328223227391,181.63663284695005,1.1723320551879892,0.7429200536043519,0.32979917084886523
development,BEV1,>=50,>25,0,True,S-fixed,,,,,
development,BEV1,>=50,>25,0,True,H-frozen,,,,,
development,BEV1,>=50,>25,0,True,H-online,,,,,
development,BEV1,>=50,>25,0,True,O-combined,,,,,
development,BEV1,>=50,>25,0,True,O-time,,,,,
development,BEV1,>=50,>25,0,True,O-motion,,,,,
development,BEV1,>=50,>25,0,True,O-quality,,,,,
development,BEV1,>=50,missing,0,True,S-fixed,,,,,
development,BEV1,>=50,missing,0,True,H-frozen,,,,,
development,BEV1,>=50,missing,0,True,H-online,,,,,
development,BEV1,>=50,missing,0,True,O-combined,,,,,
development,BEV1,>=50,missing,0,True,O-time,,,,,
development,BEV1,>=50,missing,0,True,O-motion,,,,,
development,BEV1,>=50,missing,0,True,O-quality,,,,,
development,BEV2,<2,<10,14,False,S-fixed,303.58344182112745,303.6072874022937,0.07486187966049195,0.01464806921155864,-0.007133703999760728
development,BEV2,<2,<10,14,False,H-frozen,303.58344182112745,303.6072874022937,0.08819442970630151,0.052913458815452334,-0.007133703999760728
development,BEV2,<2,<10,14,False,H-online,303.58344182112745,303.6072874022937,0.07238040675823114,0.01856485380412994,-0.007133703999760728
development,BEV2,<2,<10,14,False,O-combined,303.58344182112745,303.6072874022937,0.09532813370606223,0.054267320225514996,-0.007133703999760728
development,BEV2,<2,<10,14,False,O-time,303.58344182112745,303.6072874022937,0.07839080620546932,0.018497529323471384,-0.007133703999760728
development,BEV2,<2,<10,14,False,O-motion,303.58344182112745,303.6072874022937,0.10921743564614786,0.0665902252948238,-0.007133703999760728
development,BEV2,<2,<10,14,False,O-quality,303.58344182112745,303.6072874022937,0.08959029734349803,0.0379295475940112,-0.007133703999760728
development,BEV2,<2,10-25,31,False,S-fixed,244.83155685243707,244.2304006313548,0.07425983364556325,0.021266710136769125,0.017345986436723974
development,BEV2,<2,10-25,31,False,H-frozen,244.83155685243707,244.2304006313548,0.08076734230995133,0.02677548377291359,0.017345986436723974
development,BEV2,<2,10-25,31,False,H-online,244.83155685243707,244.2304006313548,0.07657792024182965,0.02496744666961394,0.017345986436723974
development,BEV2,<2,10-25,31,False,O-combined,244.83155685243707,244.2304006313548,0.06342135587322738,0.026377477166288413,0.017345986436723974
development,BEV2,<2,10-25,31,False,O-time,244.83155685243707,244.2304006313548,0.07583009304540536,0.04451665898930179,0.017345986436723974
development,BEV2,<2,10-25,31,False,O-motion,244.83155685243707,244.2304006313548,0.06921433802196567,0.025388932038716658,0.017345986436723974
development,BEV2,<2,10-25,31,False,O-quality,244.83155685243707,244.2304006313548,0.08031269528876095,0.02584018845008704,0.017345986436723974
development,BEV2,<2,>25,0,True,S-fixed,,,,,
development,BEV2,<2,>25,0,True,H-frozen,,,,,
development,BEV2,<2,>25,0,True,H-online,,,,,
development,BEV2,<2,>25,0,True,O-combined,,,,,
development,BEV2,<2,>25,0,True,O-time,,,,,
development,BEV2,<2,>25,0,True,O-motion,,,,,
development,BEV2,<2,>25,0,True,O-quality,,,,,
development,BEV2,<2,missing,0,True,S-fixed,,,,,
development,BEV2,<2,missing,0,True,H-frozen,,,,,
development,BEV2,<2,missing,0,True,H-online,,,,,
development,BEV2,<2,missing,0,True,O-combined,,,,,
development,BEV2,<2,missing,0,True,O-time,,,,,
development,BEV2,<2,missing,0,True,O-motion,,,,,
development,BEV2,<2,missing,0,True,O-quality,,,,,
development,BEV2,2-10,<10,30,False,S-fixed,266.32491846806306,266.5730879568611,0.13387051180813897,-0.006653392208726968,-0.0003866267606596585
development,BEV2,2-10,<10,30,False,H-frozen,266.32491846806306,266.5730879568611,0.12247599253593296,0.0035176435964358894,-0.0003866267606596585
development,BEV2,2-10,<10,30,False,H-online,266.32491846806306,266.5730879568611,0.11056272715356527,-0.04181704421494729,-0.0003866267606596585
development,BEV2,2-10,<10,30,False,O-combined,266.32491846806306,266.5730879568611,0.12286261929659263,0.005204351112025581,-0.0003866267606596585
development,BEV2,2-10,<10,30,False,O-time,266.32491846806306,266.5730879568611,0.10894118030788726,-0.03360268062815774,-0.0003866267606596585
development,BEV2,2-10,<10,30,False,O-motion,266.32491846806306,266.5730879568611,0.10839261764684105,0.00908220347725585,-0.0003866267606596585
development,BEV2,2-10,<10,30,False,O-quality,266.32491846806306,266.5730879568611,0.13514587029503103,0.007595927947587785,-0.0003866267606596585
development,BEV2,2-10,10-25,39,False,S-fixed,208.25570786599923,208.52334669327092,0.12387720135483593,0.03841116240207484,0.008066776254953539
development,BEV2,2-10,10-25,39,False,H-frozen,208.25570786599923,208.52334669327092,0.13666809703550784,0.05871675616680621,0.008066776254953539
development,BEV2,2-10,10-25,39,False,H-online,208.25570786599923,208.52334669327092,0.1288031761877033,0.05091433310685441,0.008066776254953539
development,BEV2,2-10,10-25,39,False,O-combined,208.25570786599923,208.52334669327092,0.12860132078055428,0.09646858229788978,0.008066776254953539
development,BEV2,2-10,10-25,39,False,O-time,208.25570786599923,208.52334669327092,0.12249046042167094,0.06412769336987445,0.008066776254953539
development,BEV2,2-10,10-25,39,False,O-motion,208.25570786599923,208.52334669327092,0.11366524073761258,0.08078607531819973,0.008066776254953539
development,BEV2,2-10,10-25,39,False,O-quality,208.25570786599923,208.52334669327092,0.13126250555392047,0.05856827407751943,0.008066776254953539
development,BEV2,2-10,>25,0,True,S-fixed,,,,,
development,BEV2,2-10,>25,0,True,H-frozen,,,,,
development,BEV2,2-10,>25,0,True,H-online,,,,,
development,BEV2,2-10,>25,0,True,O-combined,,,,,
development,BEV2,2-10,>25,0,True,O-time,,,,,
development,BEV2,2-10,>25,0,True,O-motion,,,,,
development,BEV2,2-10,>25,0,True,O-quality,,,,,
development,BEV2,2-10,missing,1,True,S-fixed,175.8514399668813,175.90350142855934,0.08786636752533683,0.08786636752533683,-0.020830567537456268
development,BEV2,2-10,missing,1,True,H-frozen,175.8514399668813,175.90350142855934,0.0849921810035994,0.0849921810035994,-0.020830567537456268
development,BEV2,2-10,missing,1,True,H-online,175.8514399668813,175.90350142855934,0.05404338529840902,0.05404338529840902,-0.020830567537456268
development,BEV2,2-10,missing,1,True,O-combined,175.8514399668813,175.90350142855934,0.10582274854105567,0.10582274854105567,-0.020830567537456268
development,BEV2,2-10,missing,1,True,O-time,175.8514399668813,175.90350142855934,0.07078183278326589,0.07078183278326589,-0.020830567537456268
development,BEV2,2-10,missing,1,True,O-motion,175.8514399668813,175.90350142855934,0.0519273808743661,0.0519273808743661,-0.020830567537456268
development,BEV2,2-10,missing,1,True,O-quality,175.8514399668813,175.90350142855934,0.04786438937122539,0.04786438937122539,-0.020830567537456268
development,BEV2,10-50,<10,3,True,S-fixed,203.73510996634522,203.78027175648677,0.33210969543816765,-0.10358141588231022,-0.10316309196949947
development,BEV2,10-50,<10,3,True,H-frozen,203.73510996634522,203.78027175648677,0.40908463600714934,-0.30649627172919375,-0.10316309196949947
development,BEV2,10-50,<10,3,True,H-online,203.73510996634522,203.78027175648677,0.36248805929976385,-0.3260202513359826,-0.10316309196949947
development,BEV2,10-50,<10,3,True,O-combined,203.73510996634522,203.78027175648677,0.5122477279766487,-0.5122477279766487,-0.10316309196949947
development,BEV2,10-50,<10,3,True,O-time,203.73510996634522,203.78027175648677,0.4091068139205811,-0.2796280193006971,-0.10316309196949947
development,BEV2,10-50,<10,3,True,O-motion,203.73510996634522,203.78027175648677,0.4598333335909504,-0.39177799615414904,-0.10316309196949947
development,BEV2,10-50,<10,3,True,O-quality,203.73510996634522,203.78027175648677,0.4273858434992667,-0.42139776928005546,-0.10316309196949947
development,BEV2,10-50,10-25,14,False,S-fixed,170.4072972636345,170.47350964780804,0.9523219342490868,0.9523219342490868,0.210266492503382
development,BEV2,10-50,10-25,14,False,H-frozen,170.4072972636345,170.47350964780804,0.9308262278401748,0.9054811283396461,0.210266492503382
development,BEV2,10-50,10-25,14,False,H-online,170.4072972636345,170.47350964780804,0.8832051728056809,0.8568311033145947,0.210266492503382
development,BEV2,10-50,10-25,14,False,O-combined,170.4072972636345,170.47350964780804,0.7205597353367927,0.635469835648934,0.210266492503382
development,BEV2,10-50,10-25,14,False,O-time,170.4072972636345,170.47350964780804,0.9153693038436197,0.8834782592558585,0.210266492503382
development,BEV2,10-50,10-25,14,False,O-motion,170.4072972636345,170.47350964780804,0.9221924390358993,0.8157541659153423,0.210266492503382
development,BEV2,10-50,10-25,14,False,O-quality,170.4072972636345,170.47350964780804,0.7895339552874561,0.7837791657115502,0.210266492503382
development,BEV2,10-50,>25,0,True,S-fixed,,,,,
development,BEV2,10-50,>25,0,True,H-frozen,,,,,
development,BEV2,10-50,>25,0,True,H-online,,,,,
development,BEV2,10-50,>25,0,True,O-combined,,,,,
development,BEV2,10-50,>25,0,True,O-time,,,,,
development,BEV2,10-50,>25,0,True,O-motion,,,,,
development,BEV2,10-50,>25,0,True,O-quality,,,,,
development,BEV2,10-50,missing,0,True,S-fixed,,,,,
development,BEV2,10-50,missing,0,True,H-frozen,,,,,
development,BEV2,10-50,missing,0,True,H-online,,,,,
development,BEV2,10-50,missing,0,True,O-combined,,,,,
development,BEV2,10-50,missing,0,True,O-time,,,,,
development,BEV2,10-50,missing,0,True,O-motion,,,,,
development,BEV2,10-50,missing,0,True,O-quality,,,,,
development,BEV2,>=50,<10,16,False,S-fixed,183.9783866858059,183.99319880083988,1.5441256619770278,1.1352560842126829,0.3018219598474944
development,BEV2,>=50,<10,16,False,H-frozen,183.9783866858059,183.99319880083988,1.6790907556515806,1.172523688785017,0.3018219598474944
development,BEV2,>=50,<10,16,False,H-online,183.9783866858059,183.99319880083988,1.680232966481005,1.1785557544230496,0.3018219598474944
development,BEV2,>=50,<10,16,False,O-combined,183.9783866858059,183.99319880083988,1.3772687958040863,1.0250742115366964,0.3018219598474944
development,BEV2,>=50,<10,16,False,O-time,183.9783866858059,183.99319880083988,1.7048765470704856,1.2262953161258396,0.3018219598474944
development,BEV2,>=50,<10,16,False,O-motion,183.9783866858059,183.99319880083988,1.5680269793431103,1.2129647018515946,0.3018219598474944
development,BEV2,>=50,<10,16,False,O-quality,183.9783866858059,183.99319880083988,1.4359024804800624,0.9561433079629268,0.3018219598474944
development,BEV2,>=50,10-25,18,False,S-fixed,163.45051334499772,163.4509650084261,2.392105235985173,2.2774235923352717,0.5820099218407316
development,BEV2,>=50,10-25,18,False,H-frozen,163.45051334499772,163.4509650084261,2.5165169103210627,2.431858779887717,0.5820099218407316
development,BEV2,>=50,10-25,18,False,H-online,163.45051334499772,163.4509650084261,2.522552984924504,2.4476732399428176,0.5820099218407316
development,BEV2,>=50,10-25,18,False,O-combined,163.45051334499772,163.4509650084261,1.934506988480331,1.791772139999416,0.5820099218407316
development,BEV2,>=50,10-25,18,False,O-time,163.45051334499772,163.4509650084261,2.497889230797821,2.3941600672409304,0.5820099218407316
development,BEV2,>=50,10-25,18,False,O-motion,163.45051334499772,163.4509650084261,2.2783890593233926,2.141449144569904,0.5820099218407316
development,BEV2,>=50,10-25,18,False,O-quality,163.45051334499772,163.4509650084261,1.974966351043217,1.8414776515300006,0.5820099218407316
development,BEV2,>=50,>25,0,True,S-fixed,,,,,
development,BEV2,>=50,>25,0,True,H-frozen,,,,,
development,BEV2,>=50,>25,0,True,H-online,,,,,
development,BEV2,>=50,>25,0,True,O-combined,,,,,
development,BEV2,>=50,>25,0,True,O-time,,,,,
development,BEV2,>=50,>25,0,True,O-motion,,,,,
development,BEV2,>=50,>25,0,True,O-quality,,,,,
development,BEV2,>=50,missing,0,True,S-fixed,,,,,
development,BEV2,>=50,missing,0,True,H-frozen,,,,,
development,BEV2,>=50,missing,0,True,H-online,,,,,
development,BEV2,>=50,missing,0,True,O-combined,,,,,
development,BEV2,>=50,missing,0,True,O-time,,,,,
development,BEV2,>=50,missing,0,True,O-motion,,,,,
development,BEV2,>=50,missing,0,True,O-quality,,,,,
