group,minimum_cell_n_all3,common_cell_n,development_covered_n,development_uncovered_fraction,validation_covered_n,description_only,validation_original_common_mae,validation_reweighted_mae,development_common_mae,validation_original_common_bias,validation_reweighted_bias,development_common_bias
S-fixed,1,15,191,0.010362694300518172,167,True,0.3492329072881324,0.2220550144969265,0.5564634285929771,-0.09643614394936391,0.005184823917223208,0.4428750347522822
H-frozen,1,15,191,0.010362694300518172,167,True,0.37310147319603415,0.2584779053105947,0.5703866598091679,-0.14708746072534454,0.012213546574941218,0.45299265824919965
H-online,1,15,191,0.010362694300518172,167,True,0.3445501632693646,0.25485728547873954,0.5669064824471522,-0.1052568124429105,0.025938785222283958,0.44677064952133533
O-combined,1,15,191,0.010362694300518172,167,True,0.3605376228690153,0.24821333067367388,0.45489281575427926,-0.1888888095312454,-0.07881225191121641,0.3296253703147851
O-time,1,15,191,0.010362694300518172,167,True,0.3672622160864617,0.2458936229236727,0.5644932544436301,-0.15671676940087062,-0.007475255288391214,0.44989779181554757
O-motion,1,15,191,0.010362694300518172,167,True,0.3852995943064221,0.2401432870637135,0.5198746776422606,-0.18722185729831128,-0.06501302384938795,0.4021380673229369
O-quality,1,15,191,0.010362694300518172,167,True,0.35828485703933727,0.2703419064473008,0.478038904493802,-0.16364582138459013,-0.0709582052642637,0.3508879840267209
S-fixed,10,3,60,0.689119170984456,66,True,0.18305387175833868,0.21135075018676194,0.496169871018725,0.026254160849527017,0.032657879398761365,0.30282614250171563
H-frozen,10,3,60,0.689119170984456,66,True,0.19061374005215442,0.22129177599717761,0.5295742313731916,0.03739696550481236,0.03780081205896583,0.32677827919782804
H-online,10,3,60,0.689119170984456,66,True,0.18628703197789473,0.21702128250830213,0.5202322495486379,0.02924284982076976,0.043731393217681234,0.29770481162630325
O-combined,10,3,60,0.689119170984456,66,True,0.19319847410187788,0.22675132610763235,0.45094621972746723,0.012711532120654016,-0.021374591303456127,0.288617673351752
O-time,10,3,60,0.689119170984456,66,True,0.18030445897183311,0.22018294936819674,0.527395524154016,0.020958480233254997,0.027259268184535716,0.3145268341616217
O-motion,10,3,60,0.689119170984456,66,True,0.18850060670809018,0.2131972314346212,0.49782090496568443,0.050806015951328574,0.03998637292300417,0.3435360748011787
O-quality,10,3,60,0.689119170984456,66,True,0.23105665341587878,0.2759305237011683,0.471384665989015,0.0064017313645811395,-0.025083335955048826,0.2676197405358437
