file,split,same_od_90d_n,at_least1,at_least3,at_least5,spatially_supported_n,youngest_same_od_age_days,oldest_same_od_age_days,query_D_km
BEV2_2024-05-16_drive1.csv,train,0,False,False,False,0,,,5.195659129734151
BEV2_2024-05-17_drive2.csv,train,0,False,False,False,0,,,60.96840313753393
BEV2_2024-05-18_drive1.csv,train,0,False,False,False,0,,,8.381069314440527
BEV2_2024-05-18_drive2.csv,train,0,False,False,False,0,,,65.65820574049943
BEV2_2024-05-18_drive3.csv,train,0,False,False,False,0,,,35.4952526223462
BEV2_2024-05-18_drive4.csv,train,0,False,False,False,0,,,24.88437260632617
BEV2_2024-05-18_drive5.csv,train,0,False,False,False,0,,,4.813995978320194
BEV2_2024-05-18_drive6.csv,train,0,False,False,False,0,,,2.2513747380494693
BEV2_2024-05-18_drive7.csv,train,0,False,False,False,0,,,2.3907151673710048
BEV2_2024-05-19_drive1.csv,train,0,False,False,False,0,,,1.1071462194297894
BEV2_2024-05-19_drive2.csv,train,0,False,False,False,0,,,0.9364759475292712
BEV2_2024-05-19_drive4.csv,train,0,False,False,False,0,,,103.1385835283434
BEV2_2024-05-19_drive5.csv,train,0,False,False,False,0,,,117.59477320001452
BEV2_2024-05-19_drive6.csv,train,0,False,False,False,0,,,15.67338199612309
BEV2_2024-05-19_drive7.csv,train,0,False,False,False,0,,,3.6580393943447
BEV2_2024-05-20_drive1.csv,train,0,False,False,False,0,,,6.730778021910058
BEV2_2024-05-21_drive1.csv,train,0,False,False,False,0,,,6.265634119935
BEV2_2024-05-21_drive2.csv,train,0,False,False,False,0,,,2.5257126916477626
BEV2_2024-05-21_drive3.csv,train,1,True,False,False,0,0.6961689814814814,0.6961689814814814,6.477128919654108
BEV2_2024-05-21_drive4.csv,train,0,False,False,False,0,,,14.65817418693465
BEV2_2024-05-21_drive5.csv,train,0,False,False,False,0,,,8.894973027002301
BEV2_2024-05-21_drive6.csv,train,0,False,False,False,0,,,4.904813461583163
BEV2_2024-05-21_drive7.csv,train,0,False,False,False,0,,,1.489986392101586
BEV2_2024-05-21_drive8.csv,train,0,False,False,False,0,,,65.04424429469594
BEV2_2024-05-22_drive1.csv,train,0,False,False,False,0,,,4.642376148627978
BEV2_2024-05-22_drive2.csv,train,0,False,False,False,0,,,4.462156806677352
BEV2_2024-05-23_drive1.csv,train,0,False,False,False,0,,,6.187630487695959
BEV2_2024-06-14_drive1.csv,train,0,False,False,False,0,,,2.313728589937774
BEV2_2024-06-14_drive2.csv,train,1,True,False,False,1,24.394293981481482,24.394293981481482,2.533412943972796
BEV2_2024-06-15_drive1.csv,train,0,False,False,False,0,,,18.388579963397664
BEV2_2024-06-15_drive2.csv,train,0,False,False,False,0,,,62.71113373111048
BEV2_2024-06-15_drive3.csv,train,0,False,False,False,0,,,53.675101970977806
BEV2_2024-06-18_drive1.csv,train,0,False,False,False,0,,,24.771576084012885
BEV2_2024-06-19_drive1.csv,train,1,True,False,False,0,26.97099537037037,26.97099537037037,6.45828516039442
BEV2_2024-06-19_drive2.csv,train,0,False,False,False,0,,,5.040106801499823
BEV2_2024-06-19_drive3.csv,train,2,True,False,False,0,28.922349537037036,29.64675925925926,6.429478700831664
BEV2_2024-06-19_drive4.csv,train,0,False,False,False,0,,,1.7939823878301404
BEV2_2024-06-19_drive5.csv,train,0,False,False,False,0,,,1.6813902345333205
BEV2_2024-06-19_drive6.csv,train,0,False,False,False,0,,,4.469947435301315
BEV2_2024-06-19_drive7.csv,train,2,True,False,False,2,5.0383101851851855,29.44704861111111,2.5813253946439083
BEV2_2024-06-20_drive1.csv,train,0,False,False,False,0,,,2.762514939465538
BEV2_2024-06-20_drive2.csv,train,1,True,False,False,1,31.91744212962963,31.91744212962963,3.682124635798612
BEV2_2024-06-21_drive1.csv,train,3,True,True,False,1,1.7807638888888888,31.453078703703703,6.666763492189709
BEV2_2024-06-21_drive3.csv,train,0,False,False,False,0,,,3.014748527178074
BEV2_2024-06-21_drive4.csv,train,0,False,False,False,0,,,6.431144762759693
BEV2_2024-06-21_drive5.csv,train,0,False,False,False,0,,,0.1614939207700449
BEV2_2024-06-21_drive6.csv,train,3,True,True,False,3,1.7295023148148148,31.190983796296297,2.580161410630425
BEV2_2024-06-21_drive7.csv,train,0,False,False,False,0,,,2.4959247562624194
BEV2_2024-06-21_drive8.csv,train,0,False,False,False,0,,,2.639032869210095
BEV2_2024-06-21_drive9.csv,train,2,True,False,False,2,0.9884490740740741,32.918680555555554,3.679378115867504
BEV2_2024-06-21_drive10.csv,train,0,False,False,False,0,,,1.9886741272710755
BEV2_2024-06-21_drive2.csv,train,4,True,True,False,4,0.13818287037037036,31.339791666666667,2.301352203140174
BEV2_2024-06-22_drive1.csv,train,0,False,False,False,0,,,3.018298321050914
BEV2_2024-06-22_drive2.csv,train,0,False,False,False,0,,,66.08198999405346
BEV2_2024-06-22_drive3.csv,train,0,False,False,False,0,,,14.257758987211602
BEV2_2024-06-22_drive4.csv,train,0,False,False,False,0,,,60.87147648791737
BEV2_2024-06-22_drive5.csv,train,3,True,True,False,3,0.9710532407407407,33.90170138888889,3.6666980758593706
BEV2_2024-06-22_drive6.csv,train,0,False,False,False,0,,,3.155193325956786
BEV2_2024-06-22_drive7.csv,train,5,True,True,True,5,1.1516550925925926,32.50207175925926,2.58809879425052
BEV2_2024-06-23_drive1.csv,train,0,False,False,False,0,,,2.222280523751229
BEV2_2024-06-23_drive2.csv,train,0,False,False,False,0,,,31.77680036754071
BEV2_2024-06-23_drive3.csv,train,0,False,False,False,0,,,2.370191017124774
BEV2_2024-06-23_drive4.csv,train,0,False,False,False,0,,,27.19741110005478
BEV2_2024-06-24_drive1.csv,train,0,False,False,False,0,,,6.504816439533244
BEV2_2024-06-24_drive2.csv,train,0,False,False,False,0,,,2.7997282294932653
BEV2_2024-06-24_drive3.csv,train,4,True,True,False,4,1.949826388888889,35.86353009259259,3.650714983078122
BEV2_2024-06-24_drive4.csv,train,0,False,False,False,0,,,19.74494518967767
BEV2_2024-06-25_drive1.csv,train,0,False,False,False,0,,,38.566089854230135
BEV2_2024-06-25_drive2.csv,train,0,False,False,False,0,,,38.02498942637125
BEV2_2024-06-25_drive3.csv,train,0,False,False,False,0,,,22.440764880941032
BEV2_2024-06-25_drive5.csv,train,0,False,False,False,0,,,12.880733026552864
BEV2_2024-06-26_drive1.csv,train,0,False,False,False,0,,,2.3903904689198656
BEV2_2024-06-26_drive2.csv,train,0,False,False,False,0,,,26.09690666682904
BEV2_2024-06-26_drive3.csv,train,0,False,False,False,0,,,1.6299846155436502
BEV2_2024-06-26_drive4.csv,train,0,False,False,False,0,,,18.312918957005387
BEV2_2024-06-26_drive7.csv,train,0,False,False,False,0,,,58.79739314521323
BEV2_2024-06-27_drive7.csv,train,0,False,False,False,0,,,1.8676236419345893
BEV2_2024-06-27_drive8.csv,train,0,False,False,False,0,,,13.770704970696746
BEV2_2024-06-28_drive2.csv,train,0,False,False,False,0,,,59.81395715892722
BEV2_2024-06-29_drive7.csv,train,1,True,False,False,1,8.002777777777778,8.002777777777778,2.490382526856372
BEV2_2024-06-29_drive8.csv,train,0,False,False,False,0,,,20.48948629924868
BEV2_2024-06-30_drive6.csv,train,1,True,False,False,0,14.96193287037037,14.96193287037037,53.83907259877628
BEV2_2024-07-04_drive1.csv,train,1,True,False,False,0,7.98375,7.98375,2.264871651157902
BEV2_2024-07-05_drive3.csv,train,0,False,False,False,0,,,3.562197990926477
BEV2_2024-07-05_drive4.csv,train,0,False,False,False,0,,,21.78310116556868
BEV2_2024-07-05_drive5.csv,train,0,False,False,False,0,,,75.13204714862411
BEV2_2024-07-05_drive6.csv,train,0,False,False,False,0,,,6.445539199448428
BEV2_2024-07-05_drive8.csv,train,0,False,False,False,0,,,5.793248048147726
BEV2_2024-07-05_drive9.csv,train,5,True,True,True,5,11.222002314814814,47.09724537037037,3.675068822021731
BEV1_2024-07-24_drive1.csv,train,0,False,False,False,0,,,14.758635413321027
BEV1_2024-07-24_drive2.csv,train,0,False,False,False,0,,,14.67503109073881
BEV1_2024-07-25_drive1.csv,train,0,False,False,False,0,,,22.511921856260507
BEV1_2024-07-25_drive2.csv,train,0,False,False,False,0,,,17.567144268448473
BEV1_2024-07-25_drive3.csv,train,0,False,False,False,0,,,4.241332865595166
BEV1_2024-07-27_drive1.csv,train,0,False,False,False,0,,,47.66343177233314
BEV1_2024-07-27_drive3.csv,train,0,False,False,False,0,,,33.809109973557355
BEV1_2024-07-27_drive4.csv,train,0,False,False,False,0,,,45.6715617762703
BEV1_2024-07-29_drive1.csv,train,0,False,False,False,0,,,21.225613683622434
BEV2_2024-07-29_drive1.csv,train,0,False,False,False,0,,,63.92193041933874
BEV2_2024-07-29_drive2.csv,train,0,False,False,False,0,,,8.58218898124717
BEV1_2024-07-29_drive2.csv,train,0,False,False,False,0,,,23.40814428052285
BEV2_2024-07-29_drive3.csv,train,0,False,False,False,0,,,53.89016653960943
BEV2_2024-07-29_drive4.csv,train,1,True,False,False,0,38.13081018518518,38.13081018518518,2.336241759344654
BEV1_2024-07-30_drive1.csv,train,1,True,False,False,1,5.984664351851852,5.984664351851852,14.34175475343979
BEV1_2024-07-30_drive2.csv,train,1,True,False,False,1,5.981967592592593,5.981967592592593,14.381389745142634
BEV2_2024-07-30_drive2.csv,train,1,True,False,False,0,24.879189814814815,24.879189814814815,5.883300758247566
BEV2_2024-07-30_drive3.csv,train,2,True,False,False,1,0.08216435185185185,24.986875,5.655760321194259
BEV1_2024-07-31_drive1.csv,train,0,False,False,False,0,,,20.905772386754585
BEV2_2024-07-31_drive2.csv,train,1,True,False,False,1,36.846041666666665,36.846041666666665,2.748883486239498
BEV2_2024-07-31_drive3.csv,train,0,False,False,False,0,,,16.410218607737733
BEV1_2024-07-31_drive2.csv,train,0,False,False,False,0,,,32.14480880882378
BEV2_2024-07-31_drive4.csv,train,0,False,False,False,0,,,12.16812709652735
BEV2_2024-07-31_drive5.csv,train,0,False,False,False,0,,,1.6334790598044466
BEV1_2024-07-31_drive3.csv,train,0,False,False,False,0,,,4.941165557983426
BEV1_2024-08-01_drive1.csv,train,0,False,False,False,0,,,15.11754980359898
BEV2_2024-08-01_drive1.csv,train,2,True,False,False,1,28.023958333333333,36.021400462962966,2.158314066038112
BEV2_2024-08-01_drive2.csv,train,2,True,False,False,2,0.9444907407407407,37.79912037037037,2.746285130261209
BEV1_2024-08-01_drive2.csv,train,2,True,False,False,2,1.9861458333333333,7.996655092592593,14.357224232367054
BEV2_2024-08-01_drive3.csv,train,0,False,False,False,0,,,5.713345486537786
BEV2_2024-08-01_drive4.csv,train,0,False,False,False,0,,,1.9271759705249176
BEV2_2024-08-01_drive5.csv,train,4,True,True,False,0,41.569965277777776,73.0508912037037,6.51589940417809
BEV2_2024-08-02_drive1.csv,train,0,False,False,False,0,,,2.073475738870698
BEV2_2024-08-02_drive2.csv,train,0,False,False,False,0,,,2.671979679806542
BEV2_2024-08-02_drive3.csv,train,0,False,False,False,0,,,1.17921133952197
BEV1_2024-08-02_drive1.csv,train,0,False,False,False,0,,,16.788983732352705
BEV2_2024-08-02_drive4.csv,train,0,False,False,False,0,,,5.08328717612331
BEV2_2024-08-02_drive5.csv,train,0,False,False,False,0,,,52.008011898537504
BEV2_2024-08-02_drive8.csv,train,0,False,False,False,0,,,0.0429072731045614
BEV2_2024-08-03_drive1.csv,train,0,False,False,False,0,,,2.3156159712969804
BEV2_2024-08-03_drive2.csv,train,0,False,False,False,0,,,2.328639217124379
BEV2_2024-08-03_drive3.csv,train,0,False,False,False,0,,,8.005494938656284
BEV2_2024-08-03_drive4.csv,train,0,False,False,False,0,,,8.137769484348638
BEV2_2024-08-04_drive1.csv,train,0,False,False,False,0,,,3.8351192527230418
BEV2_2024-08-04_drive2.csv,train,0,False,False,False,0,,,3.8140216540496543
BEV2_2024-08-04_drive4.csv,train,0,False,False,False,0,,,0.9127698368045536
BEV2_2024-08-05_drive1.csv,train,0,False,False,False,0,,,60.70529935795883
BEV2_2024-08-05_drive2.csv,train,0,False,False,False,0,,,55.62059235248788
BEV2_2024-08-05_drive3.csv,train,0,False,False,False,0,,,13.492449688036972
BEV2_2024-08-06_drive1.csv,train,3,True,True,False,2,4.980069444444444,41.0153125,2.1758226119723627
BEV2_2024-08-06_drive2.csv,train,3,True,True,False,3,5.059803240740741,42.87101851851852,2.753195465021015
BEV2_2024-08-06_drive3.csv,train,0,False,False,False,0,,,4.944603521971615
BEV1_2024-08-06_drive1.csv,train,0,False,False,False,0,,,21.98332272521295
BEV2_2024-08-06_drive4.csv,train,0,False,False,False,0,,,4.810989779973622
BEV2_2024-08-06_drive5.csv,train,5,True,True,True,1,4.836875,77.91149305555555,6.569934088893436
BEV1_2024-08-06_drive2.csv,train,0,False,False,False,0,,,1.0643773306934228
BEV1_2024-08-06_drive3.csv,train,0,False,False,False,0,,,1.2318974396690985
BEV2_2024-08-07_drive1.csv,train,0,False,False,False,0,,,34.82211744387949
BEV2_2024-08-07_drive2.csv,train,0,False,False,False,0,,,4.316369365048928
BEV2_2024-08-07_drive3.csv,train,0,False,False,False,0,,,10.380091785527792
BEV2_2024-08-07_drive4.csv,train,0,False,False,False,0,,,3.082419045795876
BEV2_2024-08-07_drive5.csv,train,0,False,False,False,0,,,2.529316013903192
BEV2_2024-08-07_drive6.csv,train,0,False,False,False,0,,,33.58538476890048
BEV2_2024-08-07_drive7.csv,train,3,True,True,False,0,7.85099537037037,32.849895833333335,5.445771951651432
BEV2_2024-08-07_drive8.csv,train,6,True,True,True,6,32.8596875,79.97059027777777,3.6731631841506425
BEV2_2024-08-07_drive9.csv,train,4,True,True,False,2,0.13328703703703704,33.00300925925926,5.662599717148559
BEV1_2024-08-08_drive1.csv,train,0,False,False,False,0,,,20.07540527721473
BEV2_2024-08-08_drive1.csv,train,0,False,False,False,0,,,0.0528221873839798
BEV2_2024-08-08_drive2.csv,train,6,True,True,True,2,1.6608796296296295,79.58633101851852,6.381992589057493
BEV2_2024-08-08_drive3.csv,train,2,True,False,False,0,40.027256944444446,48.0387962962963,2.5354624089351847
BEV2_2024-08-08_drive4.csv,train,1,True,False,False,0,48.12267361111111,48.12267361111111,2.5385531047534715
BEV2_2024-08-09_drive2.csv,train,4,True,True,False,4,3.040810185185185,45.92421296296296,2.824624078301115
BEV2_2024-08-09_drive3.csv,train,0,False,False,False,0,,,6.1923875203899446
BEV2_2024-08-09_drive4.csv,train,0,False,False,False,0,,,4.16564178137169
BEV2_2024-08-09_drive5.csv,train,3,True,True,False,2,0.9773842592592593,49.02892361111111,2.557030421153724
BEV2_2024-08-09_drive6.csv,train,2,True,False,False,0,0.9935995370370371,49.12152777777778,2.658923926941299
BEV2_2024-08-09_drive7.csv,train,0,False,False,False,0,,,1.8708876525962623
BEV2_2024-08-09_drive8.csv,train,0,False,False,False,0,,,1.921702815810613
BEV1_2024-08-10_drive1.csv,train,0,False,False,False,0,,,1.251733109896746
BEV1_2024-08-10_drive2.csv,train,0,False,False,False,0,,,143.57821067948635
BEV1_2024-08-10_drive3.csv,train,0,False,False,False,0,,,10.138290490538708
BEV2_2024-08-10_drive1.csv,train,0,False,False,False,0,,,64.945913811871
BEV2_2024-08-10_drive2.csv,train,0,False,False,False,0,,,50.954021841641385
BEV1_2024-08-10_drive4.csv,train,0,False,False,False,0,,,201.23654811817465
BEV1_2024-08-10_drive5.csv,train,0,False,False,False,0,,,31.03927593217707
BEV1_2024-08-11_drive1.csv,train,0,False,False,False,0,,,5.280606900342455
BEV2_2024-08-11_drive1.csv,train,0,False,False,False,0,,,29.9729923918906
BEV1_2024-08-11_drive2.csv,train,0,False,False,False,0,,,60.73676859632669
BEV2_2024-08-11_drive2.csv,train,0,False,False,False,0,,,25.712399987643742
BEV2_2024-08-11_drive3.csv,train,0,False,False,False,0,,,4.358009938413873
BEV2_2024-08-11_drive4.csv,train,5,True,True,True,0,3.6599537037037035,36.677766203703705,5.4161060230813245
BEV1_2024-08-11_drive3.csv,train,0,False,False,False,0,,,4.300268535268515
BEV2_2024-08-12_drive2.csv,train,7,True,True,True,7,4.967476851851852,84.94862268518519,3.689779530300165
BEV2_2024-08-13_drive1.csv,train,4,True,True,False,0,6.952280092592592,47.981875,2.0489930227464743
BEV2_2024-08-13_drive2.csv,train,5,True,True,True,5,3.807141203703704,49.74350694444445,2.730249944167637
BEV2_2024-08-13_drive3.csv,train,5,True,True,True,1,0.1909375,48.17803240740741,2.107684737615689
BEV2_2024-08-13_drive4.csv,train,6,True,True,True,6,0.2009027777777778,49.955046296296295,2.748126308310729
BEV2_2024-08-13_drive5.csv,train,0,False,False,False,0,,,6.281028055889271
BEV2_2024-08-13_drive6.csv,train,1,True,False,False,1,6.985185185185185,6.985185185185185,4.62889711655918
BEV2_2024-08-13_drive7.csv,train,6,True,True,True,1,2.168645833333333,38.865266203703705,5.434028635547497
BEV2_2024-08-13_drive8.csv,train,7,True,True,True,2,0.0421875,38.918310185185184,5.42449596920898
BEV2_2024-08-14_drive1.csv,train,0,False,False,False,0,,,10.966529715962317
BEV2_2024-08-14_drive2.csv,train,0,False,False,False,0,,,1.9053395190267224
BEV2_2024-08-14_drive3.csv,train,0,False,False,False,0,,,12.010230733119997
BEV2_2024-08-14_drive5.csv,train,8,True,True,True,3,0.9622800925925926,39.89231481481482,5.659151812610179
BEV2_2024-08-14_drive6.csv,train,1,True,False,False,1,4.939907407407407,4.939907407407407,1.818880728460122
BEV2_2024-08-14_drive7.csv,train,0,False,False,False,0,,,2.490409425716986
BEV2_2024-08-15_drive1.csv,train,0,False,False,False,0,,,0.146016293842419
BEV2_2024-08-15_drive4.csv,train,0,False,False,False,0,,,3.440752906364437
BEV2_2024-08-15_drive5.csv,train,0,False,False,False,0,,,4.848238056533055
BEV2_2024-08-15_drive6.csv,train,0,False,False,False,0,,,48.79088107774495
BEV2_2024-08-15_drive7.csv,train,0,False,False,False,0,,,7.366607407376499
BEV2_2024-08-15_drive8.csv,train,0,False,False,False,0,,,12.665274716061464
BEV2_2024-08-15_drive9.csv,train,0,False,False,False,0,,,55.5196337642422
BEV2_2024-08-15_drive10.csv,train,0,False,False,False,0,,,7.630724084105584
BEV2_2024-08-15_drive11.csv,train,0,False,False,False,0,,,45.86752893179989
BEV2_2024-08-15_drive2.csv,train,1,True,False,False,0,54.02350694444444,54.02350694444444,3.513943798441141
BEV2_2024-08-15_drive3.csv,train,0,False,False,False,0,,,4.211390054808039
BEV2_2024-08-16_drive1.csv,train,1,True,False,False,1,8.96849537037037,8.96849537037037,34.92564745446701
BEV2_2024-08-16_drive2.csv,train,0,False,False,False,0,,,20.09170248502359
BEV2_2024-08-16_drive3.csv,train,0,False,False,False,0,,,1.7821447536477222
BEV2_2024-08-16_drive4.csv,train,0,False,False,False,0,,,7.3983393581160115
BEV2_2024-08-16_drive5.csv,train,0,False,False,False,0,,,22.330497448488096
BEV2_2024-08-16_drive6.csv,train,0,False,False,False,0,,,35.39123109737704
BEV2_2024-08-16_drive7.csv,train,0,False,False,False,0,,,109.91912827124638
BEV2_2024-08-17_drive1.csv,train,0,False,False,False,0,,,0.0873792282600241
BEV2_2024-08-17_drive2.csv,train,0,False,False,False,0,,,3.7281066314184512
BEV2_2024-08-17_drive4.csv,train,0,False,False,False,0,,,2.0081605951041133
BEV2_2024-08-17_drive5.csv,train,8,True,True,True,8,4.928622685185185,89.88783564814815,3.662241743293646
BEV2_2024-08-17_drive6.csv,train,1,True,False,False,0,88.47927083333333,88.47927083333333,6.914188445506328
BEV2_2024-08-17_drive7.csv,train,5,True,True,True,5,57.20559027777778,88.55600694444445,2.633986158720068
BEV2_2024-08-18_drive1.csv,train,0,False,False,False,0,,,5.197558455405632
BEV2_2024-08-18_drive2.csv,train,0,False,False,False,0,,,7.958084254364477
BEV2_2024-08-18_drive3.csv,train,6,True,True,True,2,5.054131944444444,53.24559027777778,2.092674780473174
BEV2_2024-08-18_drive4.csv,train,0,False,False,False,0,,,50.36701734048691
BEV2_2024-08-18_drive5.csv,train,0,False,False,False,0,,,45.10218573231303
BEV2_2024-08-18_drive6.csv,train,0,False,False,False,0,,,4.419912915982604
BEV2_2024-08-18_drive7.csv,train,2,True,False,False,1,2.9459837962962965,56.977037037037036,3.5431220899966203
BEV2_2024-08-18_drive8.csv,train,0,False,False,False,0,,,3.256415088750246
BEV2_2024-08-19_drive1.csv,train,0,False,False,False,0,,,1.9490865814960256
BEV2_2024-08-19_drive2.csv,train,0,False,False,False,0,,,7.048786401718493
BEV2_2024-08-19_drive4.csv,train,0,False,False,False,0,,,27.531876228156367
BEV2_2024-08-19_drive5.csv,train,0,False,False,False,0,,,4.600782722569065
BEV2_2024-08-19_drive6.csv,train,0,False,False,False,0,,,8.651994307764124
BEV2_2024-08-19_drive7.csv,train,0,False,False,False,0,,,4.232725050914092
BEV2_2024-08-19_drive8.csv,train,5,True,True,True,5,1.9034375,66.05820601851852,2.6769374284694782
BEV2_2024-08-20_drive1.csv,train,1,True,False,False,0,66.46855324074075,66.46855324074075,2.1204255399871506
BEV2_2024-08-20_drive3.csv,train,1,True,False,False,0,2.9155671296296295,2.9155671296296295,3.735424347865321
BEV2_2024-08-20_drive4.csv,train,7,True,True,True,7,7.038020833333333,57.003113425925925,2.7858291330722342
BEV2_2024-08-20_drive5.csv,train,9,True,True,True,4,5.951469907407407,45.859722222222224,5.436534765981667
BEV2_2024-08-20_drive6.csv,train,0,False,False,False,0,,,4.153490752178934
BEV2_2024-08-21_drive1.csv,train,0,False,False,False,0,,,2.017324158137336
BEV2_2024-08-21_drive2.csv,train,0,False,False,False,0,,,128.0059394123156
BEV2_2024-08-22_drive1.csv,train,0,False,False,False,0,,,103.60682686827153
BEV2_2024-08-22_drive2.csv,train,1,True,False,False,0,7.092337962962963,7.092337962962963,4.210517521599348
BEV2_2024-08-22_drive3.csv,train,1,True,False,False,1,63.20072916666667,63.20072916666667,2.7471198470399387
BEV2_2024-08-22_drive4.csv,train,10,True,True,True,5,1.964548611111111,47.83662037037037,5.510132939850092
BEV2_2024-08-22_drive5.csv,train,0,False,False,False,0,,,5.830529076459103
BEV2_2024-08-22_drive6.csv,train,0,False,False,False,0,,,4.771867284251945
BEV2_2024-08-23_drive1.csv,train,0,False,False,False,0,,,8.385214208509987
BEV2_2024-08-23_drive4.csv,train,0,False,False,False,0,,,5.091020348145886
BEV2_2024-08-23_drive5.csv,train,2,True,False,False,2,9.923368055555555,16.919189814814814,4.671652275137646
BEV2_2024-08-23_drive6.csv,train,0,False,False,False,0,,,9.983961337140675
BEV2_2024-08-23_drive7.csv,train,11,True,True,True,6,1.0688773148148147,48.9190625,5.5810777462245165
BEV2_2024-08-23_drive8.csv,train,0,False,False,False,0,,,6.337543305835222
BEV2_2024-08-24_drive1.csv,train,0,False,False,False,0,,,25.335014818586604
BEV2_2024-08-24_drive2.csv,train,0,False,False,False,0,,,25.440363825702143
BEV2_2024-08-24_drive3.csv,train,0,False,False,False,0,,,4.628371522455479
BEV2_2024-08-24_drive4.csv,train,0,False,False,False,0,,,1.6175758503822162
BEV2_2024-08-25_drive1.csv,train,0,False,False,False,0,,,3.287715534025825
BEV2_2024-08-25_drive2.csv,train,0,False,False,False,0,,,1.330574968186725
BEV2_2024-08-25_drive3.csv,train,0,False,False,False,0,,,15.604068320397053
BEV2_2024-08-25_drive4.csv,train,0,False,False,False,0,,,38.27179352629288
BEV2_2024-08-25_drive5.csv,train,1,True,False,False,0,14.950844907407408,14.950844907407408,50.66889754675159
BEV2_2024-08-25_drive6.csv,train,8,True,True,True,8,8.195671296296297,66.16515046296297,3.6662761779757744
BEV2_2024-08-26_drive2.csv,train,0,False,False,False,0,,,14.99851583680408
BEV2_2024-08-26_drive3.csv,train,0,False,False,False,0,,,5.911708195502091
BEV2_2024-08-27_drive2.csv,train,8,True,True,True,0,6.754664351851852,63.766724537037035,2.904316981406032
BEV2_2024-08-28_drive2.csv,train,0,False,False,False,0,,,55.87027623739696
BEV2_2024-08-28_drive3.csv,train,0,False,False,False,0,,,15.736637531778248
BEV2_2024-08-28_drive4.csv,train,1,True,False,False,0,11.36417824074074,11.36417824074074,0.0626649541678399
BEV2_2024-08-29_drive1.csv,train,0,False,False,False,0,,,31.183083911634824
BEV2_2024-08-29_drive2.csv,train,0,False,False,False,0,,,0.7566918388601752
BEV2_2024-08-29_drive3.csv,train,0,False,False,False,0,,,36.931865587070185
BEV2_2024-08-29_drive4.csv,train,9,True,True,True,8,1.986400462962963,65.76137731481481,2.7857430512910826
BEV2_2024-08-29_drive5.csv,train,7,True,True,True,3,10.924479166666666,64.18289351851851,2.0562398170148684
BEV1_2024-08-29_drive1.csv,train,0,False,False,False,0,,,20.870890644607883
BEV2_2024-08-29_drive6.csv,train,10,True,True,True,9,0.30885416666666665,66.08194444444445,2.8210923743916703
BEV2_2024-08-29_drive7.csv,train,4,True,True,False,1,20.022314814814816,69.06395833333333,2.4522381950760748
BEV2_2024-08-29_drive8.csv,train,3,True,True,False,2,20.00528935185185,69.1374537037037,2.462081476704358
BEV1_2024-08-30_drive1.csv,train,0,False,False,False,0,,,8.690508607591703
BEV2_2024-08-30_drive1.csv,train,0,False,False,False,0,,,4.956094859441992
BEV2_2024-08-30_drive2.csv,train,0,False,False,False,0,,,2.973632232276388
BEV1_2024-08-30_drive2.csv,train,0,False,False,False,0,,,25.66994166730632
BEV2_2024-08-30_drive3.csv,train,0,False,False,False,0,,,3.321799327598787
BEV2_2024-08-30_drive4.csv,train,8,True,True,True,4,0.9942476851851851,65.19065972222222,2.062960867713877
BEV2_2024-08-30_drive5.csv,train,0,False,False,False,0,,,19.49764330502087
BEV2_2024-08-30_drive6.csv,train,0,False,False,False,0,,,16.313354860524434
BEV2_2024-08-31_drive1.csv,train,0,False,False,False,0,,,70.83323810339652
BEV2_2024-08-31_drive2.csv,train,0,False,False,False,0,,,105.3447433086429
BEV1_2024-08-31_drive1.csv,train,0,False,False,False,0,,,5.499775910221644
BEV2_2024-08-31_drive4.csv,train,0,False,False,False,0,,,22.10730967198865
BEV1_2024-08-31_drive2.csv,train,0,False,False,False,0,,,5.256934927247567
BEV2_2024-09-01_drive1.csv,train,0,False,False,False,0,,,3.46526697293599
BEV1_2024-09-01_drive1.csv,train,0,False,False,False,0,,,0.1588220656462368
BEV1_2024-09-01_drive2.csv,train,0,False,False,False,0,,,15.341477112950145
BEV2_2024-09-01_drive3.csv,train,0,False,False,False,0,,,51.74102850975079
BEV1_2024-09-01_drive3.csv,train,0,False,False,False,0,,,15.727599352846322
BEV2_2024-09-01_drive4.csv,train,0,False,False,False,0,,,3.913386834514785
BEV1_2024-09-01_drive4.csv,train,0,False,False,False,0,,,169.4550126250787
BEV2_2024-09-01_drive5.csv,train,0,False,False,False,0,,,48.73510263107917
BEV1_2024-09-01_drive5.csv,train,0,False,False,False,0,,,98.9104579010064
BEV1_2024-09-02_drive1.csv,train,0,False,False,False,0,,,2.389657222490684
BEV2_2024-09-02_drive1.csv,train,0,False,False,False,0,,,11.761410386632814
BEV2_2024-09-02_drive2.csv,train,0,False,False,False,0,,,22.85502400201686
BEV2_2024-09-02_drive3.csv,train,0,False,False,False,0,,,21.2360679912924
BEV1_2024-09-02_drive2.csv,train,0,False,False,False,0,,,2.4640399340180164
BEV2_2024-09-03_drive1.csv,train,0,False,False,False,0,,,4.312121557398728
BEV1_2024-09-03_drive1.csv,train,0,False,False,False,0,,,61.96740006142744
BEV2_2024-09-03_drive2.csv,train,11,True,True,True,10,4.6516319444444445,70.74234953703704,2.779865332384625
BEV1_2024-09-03_drive2.csv,train,0,False,False,False,0,,,195.2391550487196
BEV2_2024-09-03_drive3.csv,train,0,False,False,False,0,,,4.938092148394224
BEV1_2024-09-03_drive3.csv,train,0,False,False,False,0,,,2.2328064041654296
BEV2_2024-09-03_drive4.csv,train,0,False,False,False,0,,,1.316517405955685
BEV2_2024-09-03_drive5.csv,train,0,False,False,False,0,,,5.585550830996008
BEV2_2024-09-03_drive6.csv,train,0,False,False,False,0,,,2.5158157506454373
BEV1_2024-09-03_drive5.csv,train,0,False,False,False,0,,,4.44023860146031
BEV1_2024-09-03_drive6.csv,train,0,False,False,False,0,,,4.469119038734317
BEV1_2024-09-04_drive1.csv,train,0,False,False,False,0,,,23.06203175851464
BEV2_2024-09-04_drive1.csv,train,1,True,False,False,0,0.9872800925925926,0.9872800925925926,4.781324905692864
BEV2_2024-09-04_drive2.csv,train,11,True,True,True,10,5.688877314814815,71.77959490740741,2.7720648953736955
BEV2_2024-09-04_drive3.csv,train,0,False,False,False,0,,,3.080126636077028
BEV2_2024-09-04_drive4.csv,train,0,False,False,False,0,,,0.6860742916289149
BEV2_2024-09-04_drive5.csv,train,0,False,False,False,0,,,23.691543207504484
BEV1_2024-09-04_drive2.csv,train,1,True,False,False,0,5.9815625,5.9815625,20.823081767634143
BEV2_2024-09-06_drive1.csv,train,0,False,False,False,0,,,22.359184182908457
BEV2_2024-09-06_drive2.csv,train,2,True,False,False,0,16.984849537037036,19.912777777777777,3.146530197583041
BEV2_2024-09-06_drive3.csv,train,12,True,True,True,11,2.2588773148148147,74.05094907407407,2.7366750934204607
BEV2_2024-09-07_drive1.csv,train,0,False,False,False,0,,,3.308270207464338
BEV2_2024-09-07_drive2.csv,train,0,False,False,False,0,,,3.096248289034341
BEV2_2024-09-07_drive3.csv,train,0,False,False,False,0,,,39.78404751917566
BEV2_2024-09-07_drive4.csv,train,0,False,False,False,0,,,7.527474065854566
BEV2_2024-09-07_drive5.csv,train,0,False,False,False,0,,,5.421654797421056
BEV2_2024-09-07_drive6.csv,train,5,True,True,True,2,8.906921296296296,77.98445601851851,2.507339901211361
BEV2_2024-09-08_drive2.csv,train,0,False,False,False,0,,,15.656277551803392
BEV2_2024-09-08_drive3.csv,train,0,False,False,False,0,,,19.43011603675572
BEV2_2024-09-08_drive4.csv,train,0,False,False,False,0,,,57.33296587233503
BEV2_2024-09-08_drive5.csv,train,0,False,False,False,0,,,6.948993138315811
BEV2_2024-09-09_drive1.csv,train,3,True,True,False,0,2.8028819444444446,22.729039351851853,3.917111095737492
BEV2_2024-09-09_drive2.csv,train,13,True,True,True,12,2.936377314814815,76.99596064814814,2.829567739485692
BEV2_2024-09-09_drive3.csv,train,0,False,False,False,0,,,8.787435021263338
BEV2_2024-09-10_drive1.csv,train,0,False,False,False,0,,,10.219449935071491
BEV2_2024-09-10_drive2.csv,train,0,False,False,False,0,,,2.1146096594955783
BEV2_2024-09-10_drive3.csv,train,0,False,False,False,0,,,56.59453225198857
BEV2_2024-09-10_drive5.csv,train,0,False,False,False,0,,,73.58431740934665
BEV2_2024-09-10_drive6.csv,train,0,False,False,False,0,,,5.361317941629369
BEV2_2024-09-11_drive1.csv,train,0,False,False,False,0,,,18.698205677117823
BEV2_2024-09-11_drive2.csv,train,0,False,False,False,0,,,52.29337211967324
BEV2_2024-09-11_drive3.csv,train,0,False,False,False,0,,,59.67826283635112
BEV2_2024-09-12_drive1.csv,train,0,False,False,False,0,,,5.640747444549909
BEV2_2024-09-12_drive2.csv,train,0,False,False,False,0,,,0.8674934841008484
BEV2_2024-09-12_drive3.csv,train,0,False,False,False,0,,,1.5514056413339914
BEV2_2024-09-12_drive4.csv,train,1,True,False,False,1,42.77472222222222,42.77472222222222,1.6694730372865192
BEV2_2024-09-12_drive5.csv,train,2,True,False,False,0,14.634537037037036,26.009351851851854,0.0594384410490603
BEV2_2024-09-12_drive6.csv,train,0,False,False,False,0,,,5.4819041225996985
BEV2_2024-09-12_drive8.csv,train,0,False,False,False,0,,,1.8390413709373143
BEV2_2024-09-13_drive1.csv,train,9,True,True,True,3,13.79164351851852,78.9878587962963,2.1662699541085297
BEV2_2024-09-13_drive2.csv,train,0,False,False,False,0,,,2.7152223360976944
BEV2_2024-09-13_drive3.csv,train,0,False,False,False,0,,,2.1308312311483166
BEV2_2024-09-13_drive4.csv,train,0,False,False,False,0,,,8.082314082653449
BEV2_2024-09-13_drive5.csv,train,0,False,False,False,0,,,5.191683110668419
BEV2_2024-09-13_drive6.csv,train,0,False,False,False,0,,,0.0764064406826482
BEV2_2024-09-13_drive7.csv,train,4,True,True,False,0,38.13761574074074,86.39075231481482,6.445594168534267
BEV2_2024-09-13_drive8.csv,train,0,False,False,False,0,,,8.638150173305455
BEV2_2024-09-14_drive1.csv,train,0,False,False,False,0,,,3.4356904518282843
BEV2_2024-09-14_drive2.csv,train,0,False,False,False,0,,,4.238034557452519
BEV2_2024-09-14_drive3.csv,train,0,False,False,False,0,,,47.33274904034269
BEV2_2024-09-14_drive5.csv,train,0,False,False,False,0,,,7.85301403117904
BEV2_2024-09-14_drive7.csv,train,3,True,True,False,3,22.003645833333334,38.9374537037037,4.628607671605001
BEV2_2024-09-14_drive8.csv,train,0,False,False,False,0,,,23.869862650449388
BEV2_2024-09-14_drive9.csv,train,0,False,False,False,0,,,24.23051389027819
BEV2_2024-09-15_drive1.csv,train,1,True,False,False,0,84.06974537037037,84.06974537037037,2.7063630627032422
BEV2_2024-09-15_drive2.csv,train,0,False,False,False,0,,,1.364641876205759
BEV2_2024-09-15_drive3.csv,train,0,False,False,False,0,,,50.44110260128721
BEV2_2024-09-15_drive4.csv,train,0,False,False,False,0,,,7.414081456819737
BEV2_2024-09-15_drive5.csv,train,0,False,False,False,0,,,56.66813724702638
BEV2_2024-09-15_drive6.csv,train,2,True,False,False,0,0.501712962962963,84.57899305555556,2.6450685140514465
BEV2_2024-09-15_drive7.csv,train,0,False,False,False,0,,,1.055454696251924
BEV2_2024-09-15_drive8.csv,train,1,True,False,False,0,32.02767361111111,32.02767361111111,2.7173836296089178
BEV2_2024-09-16_drive2.csv,train,0,False,False,False,0,,,0.0396406696942112
BEV2_2024-09-16_drive3.csv,train,0,False,False,False,0,,,3.762720866178114
BEV2_2024-09-16_drive4.csv,train,4,True,True,False,2,17.687986111111112,86.83891203703703,2.3817991697080423
BEV2_2024-09-16_drive5.csv,train,10,True,True,True,5,3.305949074074074,82.29934027777777,2.0908207909586003
BEV2_2024-09-16_drive6.csv,train,0,False,False,False,0,,,4.605385755848967
BEV2_2024-09-17_drive1.csv,train,0,False,False,False,0,,,99.33884016464066
BEV1_2024-09-17_drive1.csv,train,0,False,False,False,0,,,0.5397537251157664
BEV2_2024-09-17_drive2.csv,train,0,False,False,False,0,,,103.1533616956742
BEV2_2024-09-17_drive3.csv,train,0,False,False,False,0,,,4.992161899656711
BEV2_2024-09-18_drive1.csv,train,11,True,True,True,4,1.6753587962962964,83.98002314814815,2.1980076393414163
BEV1_2024-09-18_drive1.csv,train,1,True,False,False,0,51.01869212962963,51.01869212962963,21.86771564168521
BEV2_2024-09-18_drive2.csv,train,14,True,True,True,13,8.769421296296295,85.77608796296296,2.800838523252919
BEV2_2024-09-18_drive3.csv,train,0,False,False,False,0,,,21.417588971862983
BEV2_2024-09-18_drive4.csv,train,0,False,False,False,0,,,2.741453110413772
BEV1_2024-09-18_drive2.csv,train,0,False,False,False,0,,,22.596086796887608
BEV2_2024-09-18_drive5.csv,train,1,True,False,False,1,47.326261574074074,47.326261574074074,1.1458986803329017
BEV1_2024-09-18_drive3.csv,train,0,False,False,False,0,,,2.047204216133029
BEV1_2024-09-18_drive4.csv,train,0,False,False,False,0,,,1.9289208185033653
BEV2_2024-09-19_drive1.csv,train,0,False,False,False,0,,,61.44865088518458
BEV1_2024-09-19_drive1.csv,train,0,False,False,False,0,,,14.87390005043116
BEV1_2024-09-19_drive2.csv,train,0,False,False,False,0,,,15.18035357930234
BEV2_2024-09-19_drive2.csv,train,0,False,False,False,0,,,51.08663114802222
BEV2_2024-09-20_drive1.csv,train,12,True,True,True,0,1.9790162037037038,85.96581018518519,2.475367422361961
BEV1_2024-09-20_drive1.csv,train,2,True,False,False,1,1.915138888888889,52.96700231481481,21.021271941625024
BEV1_2024-09-20_drive2.csv,train,0,False,False,False,0,,,15.386418422341146
BEV1_2024-09-20_drive3.csv,train,0,False,False,False,0,,,9.1242741805917
BEV2_2024-09-20_drive2.csv,train,0,False,False,False,0,,,9.92743258753529
BEV2_2024-09-20_drive3.csv,train,0,False,False,False,0,,,7.76333120171213
BEV2_2024-09-20_drive4.csv,train,1,True,False,False,0,5.420891203703704,5.420891203703704,1.2975934475721096
BEV1_2024-09-21_drive1.csv,train,0,False,False,False,0,,,74.20619285898198
BEV2_2024-09-21_drive1.csv,train,0,False,False,False,0,,,32.63551852288699
BEV2_2024-09-21_drive2.csv,train,0,False,False,False,0,,,13.491533746491251
BEV2_2024-09-21_drive3.csv,train,0,False,False,False,0,,,17.369756053391793
BEV2_2024-09-21_drive4.csv,train,1,True,False,False,1,49.98574074074074,49.98574074074074,52.84724305734632
BEV1_2024-09-21_drive2.csv,train,0,False,False,False,0,,,84.32074947363576
BEV2_2024-09-21_drive5.csv,train,0,False,False,False,0,,,57.10704275537624
BEV2_2024-09-21_drive6.csv,train,2,True,False,False,2,37.959398148148146,42.90689814814815,1.8271780928690635
BEV2_2024-09-21_drive7.csv,train,1,True,False,False,1,42.939930555555556,42.939930555555556,1.9509070540283555
BEV1_2024-09-22_drive1.csv,train,0,False,False,False,0,,,0.1577558466308778
BEV2_2024-09-22_drive1.csv,train,1,True,False,False,0,28.02983796296296,28.02983796296296,3.070775014329703
BEV2_2024-09-22_drive2.csv,train,0,False,False,False,0,,,2.078336651638048
BEV2_2024-09-22_drive3.csv,train,2,True,False,False,0,30.904363425925926,38.01127314814815,4.530004861581923
BEV1_2024-09-22_drive2.csv,train,0,False,False,False,0,,,0.1592086371735267
BEV1_2024-09-23_drive1.csv,train,0,False,False,False,0,,,24.43223727388633
BEV2_2024-09-23_drive1.csv,train,13,True,True,True,1,3.0184837962962963,88.98984953703703,2.478509439244008
BEV2_2024-09-23_drive2.csv,train,13,True,True,True,12,13.707060185185185,53.859097222222225,2.857441672078634
BEV2_2024-09-23_drive3.csv,train,0,False,False,False,0,,,4.287640722107736
BEV1_2024-09-23_drive2.csv,train,1,True,False,False,1,4.9577430555555555,4.9577430555555555,22.733516559835884
BEV1_2024-09-24_drive1.csv,train,0,False,False,False,0,,,8.476919037180231
BEV1_2024-09-24_drive2.csv,train,0,False,False,False,0,,,15.485265792372546
BEV1_2024-09-24_drive3.csv,train,1,True,False,False,1,48.986099537037035,48.986099537037035,21.473275905205224
BEV2_2024-09-24_drive1.csv,train,0,False,False,False,0,,,4.215932718539399
BEV1_2024-09-25_drive1.csv,train,3,True,True,False,2,5.014768518518519,58.016666666666666,21.233336008985862
BEV2_2024-09-25_drive1.csv,train,0,False,False,False,0,,,3.321624388966219
BEV2_2024-09-25_drive2.csv,train,0,False,False,False,0,,,0.903978982044745
BEV2_2024-09-25_drive3.csv,train,13,True,True,True,6,2.2909027777777777,83.29037037037037,2.098983547132541
BEV1_2024-09-25_drive2.csv,train,2,True,False,False,2,0.9343402777777777,49.96314814814815,21.18600253189046
BEV2_2024-09-25_drive4.csv,train,14,True,True,True,13,2.380289351851852,56.250092592592594,2.8864539540365115
BEV1_2024-09-26_drive1.csv,train,2,True,False,False,2,57.93435185185185,63.9478125,14.327616214236029
BEV2_2024-09-26_drive1.csv,train,14,True,True,True,5,0.6852314814814815,83.98072916666666,2.270270092496706
BEV1_2024-09-26_drive2.csv,train,0,False,False,False,0,,,17.090979104711774
BEV2_2024-09-26_drive2.csv,train,0,False,False,False,0,,,1.7167707151773628
BEV2_2024-09-26_drive3.csv,train,0,False,False,False,0,,,2.989050159062878
BEV2_2024-09-27_drive1.csv,train,0,False,False,False,0,,,61.6944225712266
BEV1_2024-09-27_drive1.csv,train,1,True,False,False,0,22.95945601851852,22.95945601851852,23.40828092268636
BEV2_2024-09-27_drive2.csv,train,0,False,False,False,0,,,58.80652931012192
BEV2_2024-09-27_drive3.csv,train,2,True,False,False,2,38.76291666666667,40.67452546296296,2.536067880290246
BEV2_2024-09-27_drive4.csv,train,0,False,False,False,0,,,61.62254111811343
BEV2_2024-09-27_drive5.csv,train,0,False,False,False,0,,,53.12030312451292
BEV2_2024-09-28_drive1.csv,train,0,False,False,False,0,,,24.365504902442588
BEV2_2024-09-28_drive2.csv,train,0,False,False,False,0,,,22.51407440191301
BEV2_2024-09-28_drive4.csv,train,1,True,False,False,1,13.013240740740741,13.013240740740741,7.486388629242761
BEV2_2024-09-28_drive5.csv,train,0,False,False,False,0,,,56.87995879557788
BEV2_2024-09-28_drive6.csv,train,2,True,False,False,1,12.839953703703705,44.872071759259256,2.710947247683757
BEV2_2024-09-29_drive1.csv,train,0,False,False,False,0,,,26.92402242659616
BEV2_2024-09-29_drive2.csv,train,0,False,False,False,0,,,36.12861622553554
BEV2_2024-09-29_drive3.csv,train,1,True,False,False,1,40.77099537037037,40.77099537037037,4.234501549719883
BEV2_2024-09-29_drive4.csv,train,3,True,True,False,3,1.9800578703703704,42.66091435185185,2.7802772508167384
BEV2_2024-09-29_drive5.csv,train,1,True,False,False,0,15.252997685185186,15.252997685185186,7.842799654164258
BEV2_2024-09-30_drive1.csv,train,15,True,True,True,6,3.9894444444444446,87.97703703703704,2.253714036992406
BEV2_2024-09-30_drive2.csv,train,15,True,True,True,14,4.63193287037037,60.89194444444445,2.787008718600977
BEV2_2024-09-30_drive3.csv,train,2,True,False,False,2,11.731296296296296,59.0627662037037,1.197607317175625
BEV2_2024-09-30_drive4.csv,train,0,False,False,False,0,,,3.6020454092522485
BEV2_2024-09-30_drive5.csv,train,16,True,True,True,15,0.2732523148148148,61.172222222222224,2.8106160436708008
BEV2_2024-09-30_drive6.csv,train,0,False,False,False,0,,,108.5698404413487
BEV2_2024-10-01_drive1.csv,train,0,False,False,False,0,,,10.825585170582652
BEV2_2024-10-01_drive2.csv,train,0,False,False,False,0,,,110.30437233218515
BEV1_2024-10-01_drive1.csv,train,3,True,True,False,3,6.025150462962963,56.014398148148146,21.289337933121026
BEV2_2024-10-01_drive3.csv,train,1,True,False,False,1,39.912638888888885,39.912638888888885,4.78361713582416
BEV2_2024-10-02_drive1.csv,train,0,False,False,False,0,,,57.59991580630175
BEV1_2024-10-02_drive1.csv,train,1,True,False,False,1,68.96805555555555,68.96805555555555,22.47933778498489
BEV2_2024-10-02_drive2.csv,train,0,False,False,False,0,,,60.95905866292618
BEV1_2024-10-02_drive2.csv,train,0,False,False,False,0,,,54.31129094640865
BEV2_2024-10-02_drive3.csv,train,0,False,False,False,0,,,2.0488154765799576
BEV1_2024-10-02_drive3.csv,train,0,False,False,False,0,,,63.650251239949824
BEV2_2024-10-02_drive4.csv,train,0,False,False,False,0,,,3.0766451973830025
BEV2_2024-10-02_drive5.csv,train,0,False,False,False,0,,,3.422264342272296
BEV2_2024-10-03_drive1.csv,train,1,True,False,False,1,43.983148148148146,43.983148148148146,2.0412373922321203
BEV1_2024-10-03_drive1.csv,train,1,True,False,False,1,9.969131944444445,9.969131944444445,24.97687793040376
BEV2_2024-10-03_drive2.csv,train,4,True,True,False,4,3.7332407407407406,46.39988425925926,2.5815684997607447
BEV2_2024-10-03_drive3.csv,train,15,True,True,True,0,3.177696759259259,63.12255787037037,2.904034431909305
BEV1_2024-10-03_drive2.csv,train,0,False,False,False,0,,,0.0846987582894306
BEV1_2024-10-03_drive3.csv,train,4,True,True,False,4,1.9274652777777779,57.98524305555556,21.715825597246425
BEV2_2024-10-03_drive4.csv,train,17,True,True,True,16,3.0172800925925927,64.19761574074074,2.7370836317635963
BEV2_2024-10-03_drive5.csv,train,3,True,True,False,0,19.855,62.864016203703706,6.824312694135492
BEV2_2024-10-03_drive6.csv,train,1,True,False,False,0,19.25232638888889,19.25232638888889,7.511700373092687
BEV2_2024-10-04_drive1.csv,train,16,True,True,True,6,0.8099189814814814,63.94021990740741,2.175490033163728
BEV1_2024-10-04_drive1.csv,train,2,True,False,False,0,1.927511574074074,70.91675925925927,22.671035626563835
BEV2_2024-10-04_drive2.csv,train,0,False,False,False,0,,,4.47513644972127
BEV2_2024-10-05_drive1.csv,train,0,False,False,False,0,,,0.0368481300820595
BEV2_2024-10-06_drive1.csv,train,0,False,False,False,0,,,0.5964239839079357
BEV2_2024-10-06_drive2.csv,train,0,False,False,False,0,,,2.915971769541044
BEV2_2024-10-06_drive3.csv,train,0,False,False,False,0,,,0.4311069002471934
BEV2_2024-10-07_drive1.csv,train,0,False,False,False,0,,,0.1003689694426359
BEV2_2024-10-07_drive2.csv,train,2,True,False,False,1,16.954965277777777,22.38047453703704,1.0678654490225368
BEV2_2024-10-08_drive1.csv,train,0,False,False,False,0,,,49.4935625090725
BEV2_2024-10-08_drive2.csv,train,0,False,False,False,0,,,50.256628020611934
BEV2_2024-10-08_drive3.csv,train,0,False,False,False,0,,,1.9733575661908167
BEV2_2024-10-08_drive4.csv,train,0,False,False,False,0,,,3.3137494183556564
BEV2_2024-10-08_drive5.csv,train,0,False,False,False,0,,,47.58741725511617
BEV2_2024-10-08_drive6.csv,train,3,True,True,False,1,16.26335648148148,54.28780092592593,4.454790559546742
BEV2_2024-10-08_drive7.csv,train,3,True,True,False,1,16.294953703703705,54.319398148148146,4.441857978143018
BEV2_2024-10-09_drive1.csv,train,3,True,True,False,1,26.78204861111111,52.792256944444446,0.0819443510709079
BEV2_2024-10-09_drive2.csv,train,16,True,True,True,2,5.953043981481481,69.08334490740741,2.498525900359203
BEV2_2024-10-09_drive3.csv,train,0,False,False,False,0,,,2.1863706484677907
BEV2_2024-10-09_drive4.csv,train,0,False,False,False,0,,,2.820562595108431
BEV2_2024-10-10_drive1.csv,train,1,True,False,False,0,29.912465277777777,29.912465277777777,2.1588889537568425
BEV2_2024-10-10_drive2.csv,train,0,False,False,False,0,,,6.215323682838111
BEV2_2024-10-10_drive3.csv,train,0,False,False,False,0,,,4.403392915569897
BEV2_2024-10-11_drive2.csv,train,18,True,True,True,17,8.012210648148148,72.21738425925926,2.764816366403433
BEV2_2024-10-11_drive3.csv,train,0,False,False,False,0,,,2.5505834091079507
BEV2_2024-10-11_drive4.csv,train,0,False,False,False,0,,,2.674443491146312
BEV2_2024-10-12_drive1.csv,train,3,True,True,False,0,12.264606481481481,71.33060185185185,1.4116800744741482
BEV2_2024-10-12_drive2.csv,train,3,True,True,False,2,4.981203703703704,27.36378472222222,1.2921813908318125
BEV2_2024-10-13_drive1.csv,train,0,False,False,False,0,,,21.614558013372235
BEV2_2024-10-13_drive2.csv,train,0,False,False,False,0,,,22.59512371558316
BEV2_2024-10-13_drive3.csv,train,0,False,False,False,0,,,1.9646492986702184
BEV2_2024-10-13_drive4.csv,train,5,True,True,True,5,10.200694444444444,56.60597222222222,2.605113913126785
BEV2_2024-10-13_drive5.csv,train,2,True,False,False,0,10.015393518518518,29.28269675925926,7.106128961662677
BEV2_2024-10-14_drive1.csv,train,0,False,False,False,0,,,55.08496075032837
BEV2_2024-10-14_drive2.csv,train,0,False,False,False,0,,,6.537586143195533
BEV2_2024-10-14_drive3.csv,train,0,False,False,False,0,,,75.92805416302318
BEV2_2024-10-14_drive4.csv,train,0,False,False,False,0,,,37.83576021897776
BEV2_2024-10-14_drive5.csv,train,0,False,False,False,0,,,17.184624008835897
BEV2_2024-10-15_drive1.csv,train,4,True,True,False,0,6.017037037037037,58.810451388888886,0.5018770790309816
BEV2_2024-10-15_drive2.csv,train,5,True,True,True,2,0.18685185185185185,58.99899305555556,0.0968080174950066
BEV2_2024-10-16_drive1.csv,train,6,True,True,True,1,0.7197337962962963,59.720543981481484,0.4894963767335139
BEV2_2024-10-16_drive2.csv,train,11,True,True,True,0,53.411261574074075,77.4375,5.69205569032964
BEV2_2024-10-16_drive3.csv,train,2,True,False,False,0,13.045625,57.035833333333336,2.32775800556336
BEV2_2024-10-16_drive4.csv,train,0,False,False,False,0,,,1.636140003058472
BEV2_2024-10-16_drive5.csv,train,0,False,False,False,0,,,1.0743525704992307
BEV2_2024-10-16_drive6.csv,train,0,False,False,False,0,,,20.35089600636284
BEV2_2024-10-17_drive1.csv,train,0,False,False,False,0,,,20.915513112131265
BEV2_2024-10-18_drive1.csv,train,0,False,False,False,0,,,51.80627463381953
BEV2_2024-10-18_drive2.csv,train,0,False,False,False,0,,,52.18880010317217
BEV2_2024-10-18_drive3.csv,train,0,False,False,False,0,,,1.9517955284402853
BEV2_2024-10-18_drive4.csv,train,0,False,False,False,0,,,3.050234630118521
BEV2_2024-10-19_drive1.csv,train,0,False,False,False,0,,,57.072323579515846
BEV2_2024-10-19_drive2.csv,train,0,False,False,False,0,,,6.182628791624925
BEV2_2024-10-19_drive3.csv,train,0,False,False,False,0,,,52.83047873983727
BEV2_2024-10-19_drive4.csv,train,0,False,False,False,0,,,15.06470421204484
BEV2_2024-10-19_drive5.csv,train,4,True,True,False,3,7.017002314814815,34.383854166666666,1.1770422705116554
BEV2_2024-10-20_drive1.csv,train,0,False,False,False,0,,,2.9247142463620204
BEV1_2024-10-20_drive1.csv,train,0,False,False,False,0,,,10.795083387624077
BEV2_2024-10-20_drive2.csv,train,0,False,False,False,0,,,1.3972263451828413
BEV1_2024-10-20_drive2.csv,train,0,False,False,False,0,,,8.258460856739754
BEV2_2024-10-20_drive3.csv,train,4,True,True,False,0,11.873726851851853,66.20480324074074,4.782404345165065
BEV2_2024-10-20_drive4.csv,train,0,False,False,False,0,,,2.071986024373801
BEV2_2024-10-20_drive5.csv,train,2,True,False,False,0,34.88554398148148,66.91766203703703,2.412322908254053
BEV2_2024-10-21_drive1.csv,train,17,True,True,True,6,11.86412037037037,80.95194444444445,2.1883530120502503
BEV2_2024-10-21_drive2.csv,train,0,False,False,False,0,,,0.0347510410771532
BEV2_2024-10-21_drive3.csv,train,0,False,False,False,0,,,20.71030495230852
BEV1_2024-10-22_drive1.csv,train,1,True,False,False,1,81.94141203703704,81.94141203703704,15.595576489666492
BEV1_2024-10-22_drive2.csv,train,0,False,False,False,0,,,15.398630746776726
BEV2_2024-10-23_drive1.csv,train,1,True,False,False,1,5.952326388888889,5.952326388888889,20.991861317430327
BEV2_2024-10-24_drive1.csv,train,1,True,False,False,1,39.94619212962963,39.94619212962963,3.677385633457948
BEV1_2024-10-24_drive1.csv,train,2,True,False,False,2,1.9842476851851851,83.95425925925926,15.88451216391162
BEV1_2024-10-24_drive2.csv,train,0,False,False,False,0,,,14.82673141100268
BEV2_2024-10-24_drive2.csv,train,1,True,False,False,1,29.71986111111111,29.71986111111111,4.062758513679995
BEV1_2024-10-24_drive3.csv,train,1,True,False,False,1,32.202708333333334,32.202708333333334,0.1844689905180861
BEV2_2024-10-25_drive1.csv,train,2,True,False,False,1,15.003402777777778,44.920659722222226,2.1035222151311945
BEV1_2024-10-25_drive1.csv,train,3,True,True,False,3,0.9728587962962963,84.95564814814814,15.14636863914664
BEV1_2024-10-25_drive2.csv,train,2,True,False,False,2,84.94510416666667,86.95960648148149,14.642142547982267
BEV2_2024-10-25_drive2.csv,train,0,False,False,False,0,,,3.282851609586962
BEV2_2024-10-26_drive1.csv,train,0,False,False,False,0,,,55.348663211860185
BEV2_2024-10-26_drive2.csv,train,0,False,False,False,0,,,6.834239323670524
BEV2_2024-10-26_drive3.csv,train,0,False,False,False,0,,,54.762601542294654
BEV2_2024-10-27_drive1.csv,train,1,True,False,False,0,7.0277314814814815,7.0277314814814815,2.5579471220111367
BEV1_2024-10-27_drive1.csv,train,0,False,False,False,0,,,31.09375752660933
BEV2_2024-10-27_drive2.csv,train,0,False,False,False,0,,,1.4133073829063263
BEV2_2024-10-27_drive3.csv,train,0,False,False,False,0,,,37.865512269443656
BEV1_2024-10-27_drive2.csv,train,0,False,False,False,0,,,43.93690444044199
BEV2_2024-10-27_drive4.csv,train,0,False,False,False,0,,,34.19736562227016
BEV1_2024-10-27_drive3.csv,train,2,True,False,False,2,2.9647569444444444,35.18253472222222,0.1509359919083398
BEV2_2024-10-27_drive5.csv,train,5,True,True,True,0,7.1489467592592595,73.3680787037037,4.486131700575735
BEV1_2024-10-28_drive1.csv,train,4,True,True,False,4,3.0158912037037036,87.99995370370371,15.6487955178023
BEV2_2024-10-28_drive1.csv,train,18,True,True,True,7,7.041365740740741,88.00170138888889,2.066337424941951
BEV2_2024-10-28_drive2.csv,train,19,True,True,True,18,16.7346875,88.96020833333333,2.8297095157685845
BEV2_2024-10-28_drive3.csv,train,0,False,False,False,0,,,11.438396596154558
BEV1_2024-10-28_drive2.csv,train,1,True,False,False,1,6.014432870370371,6.014432870370371,15.279530289480586
BEV2_2024-10-28_drive4.csv,train,0,False,False,False,0,,,11.086222422449447
BEV1_2024-10-29_drive1.csv,train,1,True,False,False,1,89.99315972222222,89.99315972222222,20.99881232143788
BEV2_2024-10-29_drive1.csv,train,9,True,True,True,0,66.57476851851852,82.63599537037037,5.708157258493826
BEV2_2024-10-29_drive2.csv,train,0,False,False,False,0,,,59.895175563447765
BEV2_2024-10-29_drive3.csv,train,0,False,False,False,0,,,4.9798697475904605
BEV2_2024-10-29_drive4.csv,train,0,False,False,False,0,,,79.31393894009219
BEV1_2024-10-29_drive2.csv,train,0,False,False,False,0,,,24.05413538312857
BEV2_2024-10-30_drive1.csv,train,19,True,True,True,8,1.98375,89.99148148148149,2.037003129936729
BEV2_2024-10-30_drive2.csv,train,19,True,True,True,18,1.9619560185185185,89.97216435185184,2.7719559317300986
BEV2_2024-10-30_drive3.csv,train,19,True,True,True,9,0.1920486111111111,85.19484953703704,2.0960055767807257
BEV1_2024-10-30_drive1.csv,train,0,False,False,False,0,,,28.36818414785988
BEV2_2024-10-30_drive4.csv,train,0,False,False,False,0,,,2.194468100390462
BEV1_2024-10-30_drive2.csv,train,0,False,False,False,0,,,11.245213459943248
BEV2_2024-10-30_drive5.csv,train,1,True,False,False,1,11.892222222222221,11.892222222222221,3.129841232317152
BEV2_2024-10-30_drive6.csv,train,9,True,True,True,1,68.04422453703704,84.1054513888889,5.704284651396502
BEV2_2024-10-31_drive1.csv,train,20,True,True,True,6,0.788900462962963,85.98898148148149,2.18738506351204
BEV1_2024-10-31_drive1.csv,train,2,True,False,False,1,27.044641203703705,29.01070601851852,22.045860794728107
BEV2_2024-10-31_drive2.csv,train,1,True,False,False,0,9.971006944444444,9.971006944444444,0.1077652577697969
BEV2_2024-10-31_drive3.csv,train,19,True,True,True,18,1.0159375,85.92217592592593,2.766956702211275
BEV2_2024-10-31_drive4.csv,train,21,True,True,True,10,0.18648148148148147,86.1816087962963,2.1027652321071297
BEV1_2024-10-31_drive2.csv,train,0,False,False,False,0,,,23.262686005602944
BEV1_2024-10-31_drive3.csv,train,0,False,False,False,0,,,36.36149087210893
BEV1_2024-10-31_drive4.csv,train,0,False,False,False,0,,,40.52354734283989
BEV2_2024-10-31_drive5.csv,train,1,True,False,False,0,45.19752314814815,45.19752314814815,3.324963690584319
BEV1_2024-10-31_drive5.csv,train,0,False,False,False,0,,,85.57714062199689
BEV2_2024-10-31_drive6.csv,train,0,False,False,False,0,,,2.85167920154585
BEV2_2024-10-31_drive7.csv,train,0,False,False,False,0,,,4.328689420795705
BEV2_2024-11-01_drive1.csv,train,0,False,False,False,0,,,125.38816854899108
BEV1_2024-11-01_drive1.csv,train,0,False,False,False,0,,,2.78759240204444
BEV1_2024-11-02_drive1.csv,train,0,False,False,False,0,,,0.4416986291623815
BEV1_2024-11-02_drive2.csv,train,0,False,False,False,0,,,53.26249898485328
BEV1_2024-11-02_drive3.csv,train,0,False,False,False,0,,,38.27815128518682
BEV1_2024-11-02_drive4.csv,train,0,False,False,False,0,,,66.09107175762752
BEV1_2024-11-02_drive5.csv,train,0,False,False,False,0,,,3.5500750401371706
BEV2_2024-11-04_drive1.csv,train,0,False,False,False,0,,,115.09677551497046
BEV2_2024-11-04_drive2.csv,train,10,True,True,True,0,4.700231481481482,88.81966435185186,5.956196937058181
BEV2_2024-11-04_drive3.csv,train,0,False,False,False,0,,,13.530206666566269
BEV2_2024-11-04_drive4.csv,train,0,False,False,False,0,,,56.90487608717186
BEV2_2024-11-04_drive5.csv,train,0,False,False,False,0,,,6.354264548512125
BEV2_2024-11-04_drive6.csv,train,0,False,False,False,0,,,2.2999686794429564
BEV1_2024-11-04_drive2.csv,train,2,True,False,False,2,6.980648148148148,13.03962962962963,15.778033331453972
BEV2_2024-11-04_drive7.csv,train,0,False,False,False,0,,,12.674643676317748
BEV2_2024-11-04_drive8.csv,train,0,False,False,False,0,,,54.90074653103095
BEV1_2024-11-05_drive1.csv,train,1,True,False,False,1,6.979641203703704,6.979641203703704,20.976541363734743
BEV2_2024-11-05_drive1.csv,train,21,True,True,True,6,4.802962962962963,84.03340277777778,2.1759979398248825
BEV1_2024-11-05_drive2.csv,train,2,True,False,False,0,42.99605324074074,47.99508101851852,22.50647804435908
BEV2_2024-11-05_drive2.csv,train,19,True,True,True,18,5.239791666666667,88.11555555555556,2.909549645818798
BEV1_2024-11-06_drive1.csv,train,3,True,True,False,2,5.9921643518518515,35.032291666666666,22.348493274950386
BEV1_2024-11-06_drive3.csv,train,1,True,False,False,1,48.96591435185185,48.96591435185185,2.1925398345505367
BEV1_2024-11-06_drive4.csv,train,1,True,False,False,1,48.97153935185185,48.97153935185185,1.8562384384864528
BEV1_2024-11-07_drive1.csv,train,4,True,True,False,4,9.987164351851852,16.046180555555555,15.092697296998905
BEV1_2024-11-07_drive2.csv,train,3,True,True,False,3,2.9830787037037036,16.04005787037037,15.236204964151582
BEV1_2024-11-08_drive1.csv,train,1,True,False,False,1,45.01295138888889,45.01295138888889,8.88364905311833
BEV1_2024-11-08_drive2.csv,train,0,False,False,False,0,,,8.648206666081098
BEV1_2024-11-08_drive3.csv,train,0,False,False,False,0,,,6.60955907488347
BEV1_2024-11-08_drive4.csv,train,1,True,False,False,1,66.1539699074074,66.1539699074074,4.388636414756694
BEV1_2024-11-10_drive1.csv,train,0,False,False,False,0,,,3.325516700981168
BEV1_2024-11-10_drive2.csv,train,0,False,False,False,0,,,3.2957000631333733
BEV1_2024-11-10_drive3.csv,train,0,False,False,False,0,,,4.585605942245161
BEV1_2024-11-10_drive4.csv,train,0,False,False,False,0,,,4.387842837211826
BEV1_2024-11-11_drive1.csv,train,0,False,False,False,0,,,115.94223922677104
BEV1_2024-11-11_drive2.csv,train,0,False,False,False,0,,,0.3200538213013044
BEV1_2024-11-11_drive3.csv,train,0,False,False,False,0,,,3.624030777607163
BEV1_2024-11-11_drive4.csv,train,0,False,False,False,0,,,112.3894420909918
BEV1_2024-11-12_drive1.csv,train,2,True,False,False,1,46.00875,69.01012731481481,23.13103505160575
BEV1_2024-11-12_drive2.csv,train,1,True,False,False,0,13.90144675925926,13.90144675925926,24.59053264721761
BEV2_2024-11-12_drive1.csv,train,0,False,False,False,0,,,77.48253548046893
BEV2_2024-11-13_drive1.csv,train,19,True,True,True,3,12.819722222222222,86.7788425925926,2.500475222502505
BEV1_2024-11-13_drive1.csv,train,0,False,False,False,0,,,15.122443662221606
BEV2_2024-11-13_drive2.csv,train,0,False,False,False,0,,,8.693162498311512
BEV1_2024-11-13_drive2.csv,train,1,True,False,False,1,55.03539351851852,55.03539351851852,15.373936525040705
BEV1_2024-11-13_drive3.csv,train,0,False,False,False,0,,,6.2797270204717766
BEV2_2024-11-13_drive3.csv,train,0,False,False,False,0,,,3.720175481196587
BEV2_2024-11-13_drive4.csv,train,0,False,False,False,0,,,3.0724901905965365
BEV1_2024-11-13_drive4.csv,train,0,False,False,False,0,,,6.8451577071156615
BEV2_2024-11-14_drive1.csv,train,20,True,True,True,6,0.9765625,87.7633912037037,2.205978630226132
BEV1_2024-11-14_drive1.csv,train,1,True,False,False,1,50.922534722222224,50.922534722222224,8.610733351517831
BEV2_2024-11-14_drive2.csv,train,0,False,False,False,0,,,31.958282576508
BEV1_2024-11-14_drive2.csv,train,1,True,False,False,1,50.92508101851852,50.92508101851852,15.633587479056782
BEV1_2024-11-14_drive3.csv,train,0,False,False,False,0,,,23.42728798714263
BEV2_2024-11-14_drive3.csv,train,0,False,False,False,0,,,33.16092534720728
BEV2_2024-11-15_drive2.csv,train,7,True,True,True,2,30.10068287037037,89.8225,0.5392452527192758
BEV2_2024-11-15_drive3.csv,train,1,True,False,False,1,32.85699074074074,32.85699074074074,1.956874308844613
BEV2_2024-11-15_drive4.csv,train,5,True,True,True,5,43.05013888888889,89.45541666666666,2.546976247866839
BEV2_2024-11-15_drive5.csv,train,21,True,True,True,9,1.2166550925925925,88.98825231481482,2.121385057335854
BEV1_2024-11-15_drive1.csv,train,0,False,False,False,0,,,94.5506483308774
BEV2_2024-11-15_drive6.csv,train,17,True,True,True,16,10.035590277777779,87.08395833333333,2.802199144626387
BEV2_2024-11-15_drive7.csv,train,0,False,False,False,0,,,14.558823929056333
BEV2_2024-11-15_drive8.csv,train,0,False,False,False,0,,,16.75719945819101
BEV2_2024-11-16_drive1.csv,train,2,True,False,False,1,69.65460648148148,78.57520833333334,2.500299222770723
BEV2_2024-11-16_drive2.csv,train,2,True,False,False,2,60.825266203703706,78.51912037037037,2.4201383061112045
BEV2_2024-11-16_drive3.csv,train,1,True,False,False,0,70.00877314814815,70.00877314814815,3.489477073560888
BEV2_2024-11-16_drive4.csv,train,0,False,False,False,0,,,2.53779120377813
BEV2_2024-11-16_drive5.csv,train,0,False,False,False,0,,,74.9384934535224
BEV2_2024-11-16_drive6.csv,train,2,True,False,False,2,49.031585648148145,62.05943287037037,7.5589782692297875
BEV2_2024-11-16_drive7.csv,train,0,False,False,False,0,,,75.90409325999455
BEV2_2024-11-17_drive1.csv,train,0,False,False,False,0,,,0.7194648434710341
BEV2_2024-11-17_drive2.csv,train,0,False,False,False,0,,,4.401217534336256
BEV1_2024-11-17_drive1.csv,train,0,False,False,False,0,,,20.91248633691261
BEV1_2024-11-17_drive2.csv,train,0,False,False,False,0,,,87.35427730687434
BEV2_2024-11-18_drive1.csv,train,3,True,True,False,2,24.042881944444446,68.97045138888889,2.185303267827951
BEV1_2024-11-18_drive1.csv,train,0,False,False,False,0,,,14.959122950664325
BEV2_2024-11-18_drive2.csv,train,18,True,True,True,17,2.6947337962962963,89.78597222222223,2.8005403258237624
BEV2_2024-11-18_drive3.csv,train,21,True,True,True,9,2.9710185185185187,81.02645833333334,2.056156889581629
BEV1_2024-11-18_drive2.csv,train,0,False,False,False,0,,,14.32229922342058
BEV1_2024-11-18_drive3.csv,train,0,False,False,False,0,,,0.8448689952256039
BEV2_2024-11-18_drive4.csv,train,18,True,True,True,17,0.23934027777777778,83.26952546296296,2.8264583005146084
BEV2_2024-11-19_drive1.csv,train,22,True,True,True,7,0.7982638888888889,81.82927083333334,2.277638371413276
BEV1_2024-11-19_drive1.csv,train,1,True,False,False,1,54.03111111111111,54.03111111111111,14.676304138272474
BEV1_2024-11-19_drive2.csv,train,4,True,True,False,4,11.967002314814815,28.024097222222224,15.719908177844026
BEV2_2024-11-19_drive2.csv,train,19,True,True,True,18,1.0224652777777778,84.30008101851851,2.832903341434979
BEV2_2024-11-20_drive1.csv,train,23,True,True,True,8,0.964849537037037,82.80346064814815,2.2509925503313912
BEV1_2024-11-20_drive1.csv,train,3,True,True,False,2,8.007488425925926,77.04385416666666,23.952159965967983
BEV2_2024-11-20_drive2.csv,train,0,False,False,False,0,,,67.35741891212687
BEV2_2024-11-20_drive3.csv,train,0,False,False,False,0,,,72.46682889781913
BEV1_2024-11-20_drive2.csv,train,4,True,True,False,4,47.997650462962966,56.99685185185185,21.58451090140221
BEV2_2024-11-20_drive4.csv,train,0,False,False,False,0,,,2.3256905697428856
BEV1_2024-11-20_drive3.csv,train,1,True,False,False,1,78.0409375,78.0409375,4.441103539407793
BEV1_2024-11-20_drive4.csv,train,2,True,False,False,2,11.874351851851852,78.0355787037037,4.533251730367311
BEV1_2024-11-21_drive1.csv,train,4,True,True,False,3,0.9188078703703704,77.98619212962963,23.26565846820354
BEV2_2024-11-21_drive1.csv,train,24,True,True,True,10,1.2080208333333333,84.0176736111111,2.1056879254645646
BEV1_2024-11-21_drive2.csv,train,0,False,False,False,0,,,55.38547877327292
BEV2_2024-11-21_drive2.csv,train,0,False,False,False,0,,,2.426385519574879
BEV2_2024-11-21_drive3.csv,train,0,False,False,False,0,,,1.5775777969302531
BEV2_2024-11-21_drive4.csv,train,0,False,False,False,0,,,1.9522540098084007
BEV2_2024-11-21_drive5.csv,train,0,False,False,False,0,,,1.253834986222044
BEV1_2024-11-21_drive3.csv,train,0,False,False,False,0,,,3.667560898688304
BEV2_2024-11-21_drive6.csv,train,0,False,False,False,0,,,4.8334079231567415
BEV1_2024-11-21_drive4.csv,train,0,False,False,False,0,,,51.516793559202085
BEV2_2024-11-21_drive7.csv,train,4,True,True,False,4,6.4840277777777775,55.265092592592595,2.621441979620092
BEV2_2024-11-22_drive1.csv,train,1,True,False,False,1,68.96883101851851,68.96883101851851,3.594320066988037
BEV2_2024-11-22_drive2.csv,train,0,False,False,False,0,,,66.95040020419074
BEV1_2024-11-22_drive1.csv,train,0,False,False,False,0,,,7.915478459949508
BEV2_2024-11-22_drive3.csv,train,0,False,False,False,0,,,4.374686408885732
BEV1_2024-11-22_drive2.csv,train,0,False,False,False,0,,,52.85857387422733
BEV1_2024-11-22_drive4.csv,train,0,False,False,False,0,,,20.57829379038999
BEV1_2024-11-22_drive5.csv,train,0,False,False,False,0,,,19.09168329828833
BEV2_2024-11-23_drive1.csv,train,0,False,False,False,0,,,3.3119317424785404
BEV1_2024-11-23_drive1.csv,train,0,False,False,False,0,,,2.975686732997385
BEV1_2024-11-23_drive2.csv,train,0,False,False,False,0,,,0.0768317688569679
BEV2_2024-11-23_drive2.csv,train,0,False,False,False,0,,,1.2682140494264684
BEV2_2024-11-23_drive3.csv,train,0,False,False,False,0,,,1.9000868896665184
BEV1_2024-11-23_drive3.csv,train,0,False,False,False,0,,,0.8635021837032789
BEV1_2024-11-23_drive4.csv,train,0,False,False,False,0,,,4.346160285894058
BEV1_2024-11-24_drive1.csv,train,0,False,False,False,0,,,4.286046805006736
BEV1_2024-11-24_drive2.csv,train,0,False,False,False,0,,,5.099727750463452
BEV2_2024-11-24_drive1.csv,train,0,False,False,False,0,,,12.202655657717282
BEV2_2024-11-24_drive2.csv,train,0,False,False,False,0,,,73.888833253108
BEV1_2024-11-25_drive1.csv,train,1,True,False,False,1,63.91328703703704,63.91328703703704,0.1501305818370706
BEV1_2024-11-25_drive2.csv,train,0,False,False,False,0,,,50.55618598664888
BEV1_2024-11-25_drive3.csv,train,0,False,False,False,0,,,3.410905412585084
BEV1_2024-11-25_drive4.csv,train,0,False,False,False,0,,,45.14889719668942
BEV1_2024-11-26_drive1.csv,train,4,True,True,False,3,19.94184027777778,54.99258101851852,22.99612995758933
BEV2_2024-11-26_drive1.csv,train,0,False,False,False,0,,,19.806119240568314
BEV1_2024-11-26_drive2.csv,train,3,True,True,False,1,20.955,68.97049768518518,22.6070859934332
BEV2_2024-11-26_drive2.csv,train,0,False,False,False,0,,,31.608081249962414
BEV2_2024-11-27_drive1.csv,train,2,True,False,False,1,42.01263888888889,55.06300925925926,2.049830523702794
BEV2_2024-11-27_drive2.csv,train,0,False,False,False,0,,,4.278121102230537
BEV2_2024-11-27_drive3.csv,train,0,False,False,False,0,,,1.8909984061126748
BEV2_2024-11-27_drive4.csv,train,0,False,False,False,0,,,3.93271429173632
BEV2_2024-11-27_drive5.csv,train,0,False,False,False,0,,,3.153031217188789
BEV2_2024-11-28_drive1.csv,train,24,True,True,True,9,6.8011689814814815,89.82358796296296,2.2043842316578384
BEV1_2024-11-28_drive1.csv,train,4,True,True,False,3,7.949675925925926,85.01706018518519,23.411108600587127
BEV2_2024-11-28_drive2.csv,train,0,False,False,False,0,,,74.88372408242566
BEV1_2024-11-28_drive2.csv,train,1,True,False,False,1,68.94295138888889,68.94295138888889,15.56245491931212
BEV1_2024-11-28_drive3.csv,train,0,False,False,False,0,,,15.259406776653297
BEV2_2024-11-28_drive3.csv,train,0,False,False,False,0,,,80.58904184576534
BEV1_2024-11-28_drive4.csv,train,0,False,False,False,0,,,20.354688667787865
BEV2_2024-11-28_drive4.csv,train,1,True,False,False,0,87.22407407407407,87.22407407407407,11.573673943331444
BEV1_2024-11-28_drive5.csv,train,0,False,False,False,0,,,3.37061638478869
BEV1_2024-11-29_drive1.csv,train,5,True,True,True,4,2.944988425925926,57.9627662037037,22.86084343878949
BEV2_2024-11-29_drive1.csv,train,2,True,False,False,2,12.95199074074074,82.6112962962963,2.5971810490742264
BEV2_2024-11-29_drive2.csv,train,0,False,False,False,0,,,2.4353119734336457
BEV1_2024-11-29_drive2.csv,train,4,True,True,False,2,2.992650462962963,71.98809027777777,22.84088172049701
BEV2_2024-11-29_drive3.csv,train,0,False,False,False,0,,,4.51924484128197
BEV2_2024-11-29_drive4.csv,train,0,False,False,False,0,,,5.887187479612589
BEV2_2024-11-29_drive5.csv,train,0,False,False,False,0,,,1.6058877322731837
BEV2_2024-11-30_drive1.csv,train,2,True,False,False,0,25.8625,30.574675925925927,5.081130028165273
BEV1_2024-11-30_drive1.csv,train,0,False,False,False,0,,,2.1273332183568323
BEV1_2024-11-30_drive2.csv,train,0,False,False,False,0,,,1.7383013299221637
BEV2_2024-11-30_drive2.csv,train,3,True,True,False,1,0.06625,30.652280092592594,5.017799376416763
BEV1_2024-11-30_drive3.csv,train,0,False,False,False,0,,,2.6206382524999947
BEV1_2024-11-30_drive4.csv,train,0,False,False,False,0,,,4.622642464359817
BEV2_2024-11-30_drive3.csv,train,3,True,True,False,2,3.2610185185185183,58.33001157407407,2.037120148601685
BEV2_2024-11-30_drive4.csv,train,0,False,False,False,0,,,68.04933974494149
BEV2_2024-11-30_drive5.csv,train,1,True,False,False,1,25.986261574074074,25.986261574074074,6.362120808245239
BEV2_2024-11-30_drive6.csv,train,0,False,False,False,0,,,49.58555823156391
BEV2_2024-11-30_drive7.csv,train,0,False,False,False,0,,,22.02453965907222
BEV2_2024-12-01_drive1.csv,validation,1,True,False,False,1,41.584641203703704,41.584641203703704,2.067356620361705
BEV2_2024-12-01_drive2.csv,validation,0,False,False,False,0,,,0.7216081609687848
BEV2_2024-12-01_drive3.csv,validation,5,True,True,True,4,42.60945601851852,76.99603009259259,1.238147648538768
BEV2_2024-12-01_drive4.csv,validation,6,True,True,True,1,16.157465277777778,79.97116898148148,0.0624907033824991
BEV2_2024-12-01_drive5.csv,validation,0,False,False,False,0,,,3.7954149295591577
BEV2_2024-12-01_drive6.csv,validation,0,False,False,False,0,,,4.249184206600823
BEV1_2024-12-01_drive1.csv,validation,1,True,False,False,1,7.237094907407408,7.237094907407408,4.357176777094713
BEV1_2024-12-01_drive2.csv,validation,0,False,False,False,0,,,3.646660294539616
BEV1_2024-12-01_drive3.csv,validation,0,False,False,False,0,,,5.767033181966827
BEV1_2024-12-01_drive4.csv,validation,0,False,False,False,0,,,0.0243770251710282
BEV1_2024-12-01_drive5.csv,validation,0,False,False,False,0,,,7.58499968536398
BEV1_2024-12-01_drive6.csv,validation,0,False,False,False,0,,,0.5482108985251086
BEV2_2024-12-01_drive7.csv,validation,0,False,False,False,0,,,6.232378734346202
BEV2_2024-12-01_drive8.csv,validation,0,False,False,False,0,,,2.196767163495109
BEV1_2024-12-02_drive1.csv,validation,0,False,False,False,0,,,16.556250084914954
BEV1_2024-12-02_drive2.csv,validation,0,False,False,False,0,,,20.121603302760672
BEV1_2024-12-02_drive3.csv,validation,0,False,False,False,0,,,3.883895766407592
BEV1_2024-12-02_drive4.csv,validation,0,False,False,False,0,,,2.974798170786812
BEV1_2024-12-02_drive5.csv,validation,0,False,False,False,0,,,2.9099498614575228
BEV1_2024-12-02_drive6.csv,validation,3,True,True,False,3,36.018483796296294,71.21658564814815,0.187058544421165
BEV1_2024-12-03_drive1.csv,validation,3,True,True,False,2,12.940092592592592,67.00609953703703,23.15474883364389
BEV1_2024-12-03_drive2.csv,validation,0,False,False,False,0,,,50.028050929031295
BEV1_2024-12-03_drive3.csv,validation,0,False,False,False,0,,,6.416508521421283
BEV1_2024-12-03_drive4.csv,validation,0,False,False,False,0,,,6.511285701934032
BEV1_2024-12-04_drive1.csv,validation,0,False,False,False,0,,,4.844253518656052
BEV1_2024-12-04_drive2.csv,validation,0,False,False,False,0,,,5.197846155371685
BEV1_2024-12-04_drive3.csv,validation,0,False,False,False,0,,,4.900480115781585
BEV1_2024-12-05_drive1.csv,validation,5,True,True,True,5,27.989166666666666,44.05160879629629,15.08750863334356
BEV1_2024-12-05_drive2.csv,validation,1,True,False,False,1,41.02237268518518,41.02237268518518,14.900825090124094
BEV1_2024-12-05_drive3.csv,validation,2,True,False,False,2,21.405162037037037,72.34450231481482,8.112805583170315
BEV1_2024-12-05_drive4.csv,validation,1,True,False,False,0,27.20337962962963,27.20337962962963,8.10389116773722
BEV1_2024-12-06_drive1.csv,validation,5,True,True,True,4,9.953900462962963,64.97167824074074,22.65256259734365
BEV1_2024-12-06_drive2.csv,validation,1,True,False,False,1,21.969895833333332,21.969895833333332,23.419796569713945
BEV1_2024-12-06_drive3.csv,validation,1,True,False,False,1,15.983090277777778,15.983090277777778,4.301218358917444
BEV1_2024-12-06_drive4.csv,validation,0,False,False,False,0,,,5.094111559825946
BEV1_2024-12-07_drive1.csv,validation,2,True,False,False,2,12.126724537037036,76.04158564814814,0.16719044917326
BEV1_2024-12-07_drive3.csv,validation,0,False,False,False,0,,,97.3423327905946
BEV1_2024-12-07_drive4.csv,validation,0,False,False,False,0,,,39.17627146075792
BEV1_2024-12-08_drive1.csv,validation,0,False,False,False,0,,,10.53069341154632
BEV2_2024-12-08_drive1.csv,validation,1,True,False,False,0,77.00334490740741,77.00334490740741,3.1936754494964035
BEV2_2024-12-08_drive2.csv,validation,0,False,False,False,0,,,1.263774212792392
BEV2_2024-12-08_drive3.csv,validation,4,True,True,False,2,7.987349537037037,38.65349537037037,5.277098143670022
BEV1_2024-12-08_drive2.csv,validation,0,False,False,False,0,,,11.489126572663691
BEV2_2024-12-08_drive4.csv,validation,0,False,False,False,0,,,69.22896305315099
BEV1_2024-12-08_drive3.csv,validation,0,False,False,False,0,,,36.44850394141952
BEV2_2024-12-08_drive5.csv,validation,1,True,False,False,1,50.03180555555556,50.03180555555556,6.168504159947052
BEV1_2024-12-08_drive4.csv,validation,0,False,False,False,0,,,135.382293465423
BEV2_2024-12-08_drive6.csv,validation,0,False,False,False,0,,,65.35984750593472
BEV2_2024-12-09_drive1.csv,validation,0,False,False,False,0,,,7.949290098649225
BEV1_2024-12-09_drive1.csv,validation,3,True,True,False,0,75.00696759259259,82.01495370370371,21.308435472638948
BEV1_2024-12-09_drive2.csv,validation,0,False,False,False,0,,,0.1313408741100557
BEV2_2024-12-09_drive2.csv,validation,14,True,True,True,14,19.7159375,77.07497685185186,2.7715964279703384
BEV2_2024-12-09_drive3.csv,validation,0,False,False,False,0,,,11.16399802061476
BEV1_2024-12-09_drive3.csv,validation,2,True,False,False,2,11.064386574074074,80.02101851851852,15.248760891436206
BEV1_2024-12-09_drive4.csv,validation,0,False,False,False,0,,,4.217337998749665
BEV1_2024-12-09_drive5.csv,validation,0,False,False,False,0,,,3.402812734967896
BEV2_2024-12-09_drive4.csv,validation,0,False,False,False,0,,,3.7619297805145537
BEV1_2024-12-09_drive6.csv,validation,0,False,False,False,0,,,4.664305114158527
BEV2_2024-12-09_drive5.csv,validation,1,True,False,False,1,25.967280092592592,25.967280092592592,3.153656564958474
BEV2_2024-12-09_drive6.csv,validation,1,True,False,False,1,8.385219907407407,8.385219907407407,3.992679451141013
BEV2_2024-12-10_drive1.csv,validation,2,True,False,False,2,18.021979166666668,86.99922453703704,3.5251002119055723
BEV1_2024-12-10_drive1.csv,validation,0,False,False,False,0,,,4.196019424480998
BEV1_2024-12-10_drive2.csv,validation,0,False,False,False,0,,,20.169027045577828
BEV1_2024-12-10_drive3.csv,validation,0,False,False,False,0,,,19.12195887669556
BEV2_2024-12-10_drive2.csv,validation,0,False,False,False,0,,,3.654201855741436
BEV2_2024-12-10_drive3.csv,validation,5,True,True,True,5,18.781655092592594,74.05167824074074,2.6662989097588063
BEV1_2024-12-10_drive4.csv,validation,0,False,False,False,0,,,2.75423758046269
BEV2_2024-12-11_drive1.csv,validation,24,True,True,True,4,12.994351851851851,89.03025462962962,2.4608818932883287
BEV1_2024-12-11_drive1.csv,validation,0,False,False,False,0,,,53.449639948137374
BEV1_2024-12-11_drive2.csv,validation,0,False,False,False,0,,,33.1233241870254
BEV2_2024-12-11_drive2.csv,validation,15,True,True,True,15,2.2468981481481483,79.33141203703704,2.846346611014387
BEV1_2024-12-11_drive3.csv,validation,0,False,False,False,0,,,65.1644500743098
BEV2_2024-12-12_drive1.csv,validation,0,False,False,False,0,,,74.94845764509138
BEV1_2024-12-12_drive1.csv,validation,3,True,True,False,3,6.635972222222223,78.98910879629629,8.295354783141214
BEV2_2024-12-12_drive2.csv,validation,0,False,False,False,0,,,75.93670720902266
BEV1_2024-12-12_drive2.csv,validation,0,False,False,False,0,,,54.08384903812128
BEV1_2024-12-12_drive3.csv,validation,0,False,False,False,0,,,59.57543177162592
BEV2_2024-12-12_drive3.csv,validation,16,True,True,True,16,0.9261574074074074,80.26578703703704,2.821291047082621
BEV2_2024-12-13_drive1.csv,validation,0,False,False,False,0,,,4.866559601396534
BEV2_2024-12-13_drive2.csv,validation,0,False,False,False,0,,,2.6851880532460832
BEV2_2024-12-13_drive4.csv,validation,0,False,False,False,0,,,4.367904531079914
BEV2_2024-12-14_drive1.csv,validation,0,False,False,False,0,,,7.998241798546101
BEV2_2024-12-14_drive2.csv,validation,0,False,False,False,0,,,5.709036873999822
BEV2_2024-12-14_drive3.csv,validation,0,False,False,False,0,,,10.59877458064886
BEV2_2024-12-14_drive4.csv,validation,5,True,True,True,0,6.209363425925926,44.8762037037037,5.835311628845016
BEV2_2024-12-14_drive5.csv,validation,4,True,True,False,0,47.864756944444444,83.23256944444445,4.878715705010014
BEV2_2024-12-14_drive6.csv,validation,6,True,True,True,0,0.12612268518518518,45.017662037037034,5.6764829140551605
BEV2_2024-12-15_drive1.csv,validation,0,False,False,False,0,,,3.852399427083199
BEV2_2024-12-15_drive2.csv,validation,1,True,False,False,1,48.936076388888885,48.936076388888885,1.4309521111008503
BEV2_2024-12-15_drive3.csv,validation,0,False,False,False,0,,,63.74553199808428
BEV2_2024-12-15_drive4.csv,validation,1,True,False,False,1,6.963703703703704,6.963703703703704,65.06847150170223
BEV2_2024-12-15_drive5.csv,validation,1,True,False,False,0,73.06489583333334,73.06489583333334,6.102925105281319
BEV2_2024-12-15_drive6.csv,validation,5,True,True,True,1,1.0716087962962964,84.31822916666667,4.561634729347075
BEV2_2024-12-15_drive7.csv,validation,7,True,True,True,1,1.1328703703703704,46.16146990740741,5.869486062085609
BEV2_2024-12-16_drive1.csv,validation,23,True,True,True,9,4.989513888888889,89.03826388888889,2.2018085608043587
BEV2_2024-12-17_drive1.csv,validation,0,False,False,False,0,,,36.72943952712159
BEV2_2024-12-19_drive2.csv,validation,1,True,False,False,1,33.32666666666667,33.32666666666667,2.7470498198999853
BEV2_2024-12-20_drive1.csv,validation,0,False,False,False,0,,,5.174381680177681
BEV2_2024-12-22_drive1.csv,validation,0,False,False,False,0,,,2.562112749996922
BEV2_2024-12-23_drive1.csv,validation,0,False,False,False,0,,,82.52320033675029
BEV2_2024-12-23_drive2.csv,validation,0,False,False,False,0,,,34.26964134455173
BEV2_2024-12-24_drive1.csv,validation,0,False,False,False,0,,,1.8991132945092213
BEV2_2024-12-24_drive2.csv,validation,0,False,False,False,0,,,0.8204976461637046
BEV2_2024-12-26_drive1.csv,validation,0,False,False,False,0,,,32.619034050880046
BEV2_2024-12-27_drive1.csv,validation,0,False,False,False,0,,,76.13065539898403
BEV2_2024-12-28_drive1.csv,validation,0,False,False,False,0,,,6.036809768342013
BEV2_2024-12-28_drive2.csv,validation,0,False,False,False,0,,,0.2836241207103819
BEV2_2024-12-31_drive1.csv,validation,0,False,False,False,0,,,39.45851448257286
BEV2_2024-12-31_drive2.csv,validation,0,False,False,False,0,,,48.364704264385104
BEV2_2024-12-31_drive3.csv,validation,0,False,False,False,0,,,24.92742188912103
BEV2_2024-12-31_drive4.csv,validation,0,False,False,False,0,,,2.211539719694997
BEV2_2024-12-31_drive5.csv,validation,0,False,False,False,0,,,1.005738818755292
BEV2_2025-01-01_drive1.csv,validation,0,False,False,False,0,,,2.257253261065658
BEV2_2025-01-01_drive2.csv,validation,0,False,False,False,0,,,23.111077954386523
BEV2_2025-01-02_drive1.csv,validation,0,False,False,False,0,,,2.023280650160427
BEV2_2025-01-02_drive2.csv,validation,0,False,False,False,0,,,5.527625476614697
BEV2_2025-01-03_drive1.csv,validation,0,False,False,False,0,,,25.30098981002015
BEV2_2025-01-03_drive2.csv,validation,0,False,False,False,0,,,20.136241419780504
BEV2_2025-01-04_drive1.csv,validation,0,False,False,False,0,,,44.6613471737595
BEV2_2025-01-04_drive2.csv,validation,0,False,False,False,0,,,2.622949645969426
BEV2_2025-01-04_drive3.csv,validation,0,False,False,False,0,,,1.413134876670006
BEV2_2025-01-04_drive4.csv,validation,0,False,False,False,0,,,4.429442628565177
BEV2_2025-01-05_drive1.csv,validation,4,True,True,False,4,35.35038194444444,89.96741898148149,1.1378586487451137
BEV2_2025-01-05_drive2.csv,validation,0,False,False,False,0,,,0.6833949753581635
BEV2_2025-01-05_drive3.csv,validation,1,True,False,False,1,1.927175925925926,1.927175925925926,20.17355318724242
BEV2_2025-01-05_drive4.csv,validation,0,False,False,False,0,,,3.926528810566501
BEV1_2025-01-07_drive1.csv,validation,0,False,False,False,0,,,18.03917442613263
BEV1_2025-01-07_drive2.csv,validation,0,False,False,False,0,,,21.04809868238911
BEV1_2025-01-07_drive3.csv,validation,1,True,False,False,0,44.977986111111115,44.977986111111115,4.760707267445054
BEV2_2025-01-07_drive1.csv,validation,0,False,False,False,0,,,1.8625289169661587
BEV1_2025-01-08_drive1.csv,validation,1,True,False,False,1,1.0029976851851852,1.0029976851851852,18.04879465067064
BEV1_2025-01-08_drive2.csv,validation,0,False,False,False,0,,,18.03646671859013
BEV1_2025-01-08_drive3.csv,validation,2,True,False,False,2,73.08023148148148,76.06055555555555,0.1561441263416996
BEV1_2025-01-09_drive1.csv,validation,2,True,False,False,2,0.9504976851851852,1.9701388888888889,18.040459517625514
BEV2_2025-01-09_drive1.csv,validation,0,False,False,False,0,,,1.4068378608114518
BEV2_2025-01-09_drive2.csv,validation,0,False,False,False,0,,,0.9910576578199872
BEV1_2025-01-09_drive2.csv,validation,0,False,False,False,0,,,17.98531112293834
BEV2_2025-01-09_drive5.csv,validation,0,False,False,False,0,,,0.8449571557091362
BEV2_2025-01-10_drive1.csv,validation,4,True,True,False,4,4.977951388888889,89.96483796296296,1.11212410005564
BEV2_2025-01-11_drive1.csv,validation,0,False,False,False,0,,,69.19043746881178
BEV2_2025-01-11_drive2.csv,validation,0,False,False,False,0,,,47.71901608357816
BEV2_2025-01-12_drive1.csv,validation,0,False,False,False,0,,,5.26112592364707
BEV1_2025-01-12_drive1.csv,validation,1,True,False,False,1,48.26391203703704,48.26391203703704,0.1404951282191682
BEV1_2025-01-12_drive2.csv,validation,2,True,False,False,0,76.88443287037038,79.86475694444445,0.7159075157081026
BEV2_2025-01-12_drive2.csv,validation,0,False,False,False,0,,,5.692300788097937
BEV2_2025-01-12_drive3.csv,validation,0,False,False,False,0,,,0.6839481113135991
BEV1_2025-01-13_drive1.csv,validation,3,True,True,False,3,3.9955439814814815,5.985509259259259,18.037143161097383
BEV1_2025-01-13_drive2.csv,validation,1,True,False,False,1,3.993888888888889,3.993888888888889,17.993681658512198
BEV1_2025-01-14_drive1.csv,validation,0,False,False,False,0,,,17.71443128786747
BEV1_2025-01-14_drive2.csv,validation,1,True,False,False,1,6.978159722222222,6.978159722222222,21.066630513377497
BEV1_2025-01-14_drive3.csv,validation,2,True,False,False,1,6.982233796296296,51.97255787037037,4.760403850581216
BEV2_2025-01-15_drive1.csv,validation,0,False,False,False,0,,,10.995335405913488
BEV1_2025-01-15_drive1.csv,validation,0,False,False,False,0,,,0.5763925739618555
BEV1_2025-01-15_drive2.csv,validation,1,True,False,False,1,45.02787037037037,45.02787037037037,0.5741735227405882
BEV1_2025-01-16_drive1.csv,validation,1,True,False,False,0,37.95721064814815,37.95721064814815,21.71713205758096
BEV1_2025-01-16_drive2.csv,validation,2,True,False,False,0,64.97953703703703,78.90762731481482,24.56000226915034
BEV1_2025-01-16_drive3.csv,validation,0,False,False,False,0,,,5.849857868760985
BEV2_2025-01-16_drive1.csv,validation,0,False,False,False,0,,,111.3154689649487
BEV1_2025-01-16_drive4.csv,validation,0,False,False,False,0,,,5.719215439102749
BEV2_2025-01-17_drive1.csv,validation,0,False,False,False,0,,,77.65396364356302
BEV2_2025-01-17_drive2.csv,validation,0,False,False,False,0,,,56.276541366876366
BEV1_2025-01-17_drive1.csv,validation,0,False,False,False,0,,,3.901828946773516
BEV1_2025-01-17_drive2.csv,validation,0,False,False,False,0,,,3.737035834408285
BEV2_2025-01-18_drive1.csv,validation,0,False,False,False,0,,,33.04237412333335
BEV1_2025-01-18_drive1.csv,validation,0,False,False,False,0,,,7.348130191261768
BEV1_2025-01-18_drive2.csv,validation,0,False,False,False,0,,,1.0778839338645403
BEV1_2025-01-18_drive3.csv,validation,0,False,False,False,0,,,5.862633469797833
BEV1_2025-01-18_drive4.csv,validation,0,False,False,False,0,,,6.744666754168504
BEV1_2025-01-19_drive1.csv,validation,0,False,False,False,0,,,8.130325133543092
BEV1_2025-01-19_drive3.csv,validation,0,False,False,False,0,,,7.489279013297705
BEV1_2025-01-19_drive4.csv,validation,2,True,False,False,2,6.973969907407407,55.24420138888889,0.1598964372987068
BEV1_2025-01-19_drive5.csv,validation,2,True,False,False,2,84.04982638888889,87.03015046296296,0.1512139455552434
BEV2_2025-01-20_drive1.csv,validation,3,True,True,False,2,9.715694444444445,50.051122685185184,1.2058487550949717
BEV1_2025-01-20_drive1.csv,validation,1,True,False,False,1,48.01667824074074,48.01667824074074,6.591427930215117
BEV1_2025-01-20_drive2.csv,validation,1,True,False,False,1,48.00063657407407,48.00063657407407,6.573218372898084
BEV1_2025-01-21_drive1.csv,validation,1,True,False,False,1,6.984826388888889,6.984826388888889,17.930360694715315
BEV1_2025-01-21_drive2.csv,validation,2,True,False,False,2,7.9915162037037035,12.005972222222223,17.9885331393853
BEV1_2025-01-22_drive1.csv,validation,4,True,True,False,4,8.968657407407408,14.969201388888889,18.018329459473
BEV2_2025-01-22_drive1.csv,validation,0,False,False,False,0,,,41.48947401782017
BEV1_2025-01-22_drive2.csv,validation,1,True,False,False,1,13.939097222222221,13.939097222222221,18.00787228353013
BEV2_2025-01-22_drive2.csv,validation,0,False,False,False,0,,,30.74494045498072
BEV1_2025-01-22_drive3.csv,validation,2,True,False,False,2,3.044837962962963,87.09592592592593,0.1506495491252367
BEV1_2025-01-23_drive1.csv,validation,2,True,False,False,1,6.962164351851852,44.94130787037037,21.589857723675284
BEV1_2025-01-23_drive2.csv,validation,0,False,False,False,0,,,13.604916861694525
BEV1_2025-01-23_drive3.csv,validation,0,False,False,False,0,,,11.931689491908
BEV1_2025-01-23_drive4.csv,validation,0,False,False,False,0,,,1.964130945047795
BEV1_2025-01-23_drive5.csv,validation,1,True,False,False,1,6.9942013888888885,6.9942013888888885,5.722864009608076
BEV1_2025-01-23_drive6.csv,validation,1,True,False,False,1,6.976354166666667,6.976354166666667,5.582819154865351
BEV2_2025-02-16_drive1.csv,future,0,False,False,False,0,,,3.4648047377230498
BEV2_2025-02-16_drive2.csv,future,0,False,False,False,0,,,3.7526095837196434
BEV1_2025-02-16_drive1.csv,future,0,False,False,False,0,,,2.922930206528512
BEV2_2025-02-16_drive3.csv,future,0,False,False,False,0,,,144.13192368913354
BEV1_2025-02-16_drive2.csv,future,0,False,False,False,0,,,0.1870581212884473
BEV1_2025-02-16_drive3.csv,future,0,False,False,False,0,,,2.887401331682453
BEV2_2025-02-16_drive4.csv,future,0,False,False,False,0,,,7.558125846950912
BEV2_2025-02-16_drive6.csv,future,0,False,False,False,0,,,8.858794019318127
BEV2_2025-02-16_drive7.csv,future,0,False,False,False,0,,,2.3249036679673667
BEV2_2025-02-16_drive8.csv,future,1,True,False,False,1,40.02311342592593,40.02311342592593,1.9111704988165577
BEV2_2025-02-17_drive1.csv,future,6,True,True,True,4,62.9821875,89.9798263888889,2.190139810840789
BEV1_2025-02-17_drive1.csv,future,0,False,False,False,0,,,60.42416741933844
BEV2_2025-02-17_drive2.csv,future,0,False,False,False,0,,,9.32632800202159
BEV1_2025-02-17_drive2.csv,future,0,False,False,False,0,,,5.966303673418618
BEV1_2025-02-17_drive3.csv,future,0,False,False,False,0,,,50.390817583012
BEV1_2025-02-17_drive4.csv,future,0,False,False,False,0,,,2.2519901382400467
BEV1_2025-02-17_drive5.csv,future,0,False,False,False,0,,,0.1216094373390894
BEV2_2025-02-17_drive3.csv,future,4,True,True,False,4,28.13309027777778,78.18693287037037,1.1232292059132358
BEV1_2025-02-17_drive6.csv,future,0,False,False,False,0,,,0.0530132291669114
BEV1_2025-02-17_drive7.csv,future,0,False,False,False,0,,,1.303995702258101
BEV1_2025-02-18_drive1.csv,future,2,True,False,False,1,32.95537037037037,70.93451388888889,21.96939026743884
BEV2_2025-02-19_drive1.csv,future,0,False,False,False,0,,,50.84281879191627
BEV2_2025-02-19_drive2.csv,future,0,False,False,False,0,,,53.44049824717472
BEV2_2025-02-21_drive1.csv,future,1,True,False,False,0,73.88128472222222,73.88128472222222,3.9046485454981417
BEV2_2025-02-22_drive1.csv,future,0,False,False,False,0,,,3.405278482442593
BEV2_2025-02-23_drive1.csv,future,0,False,False,False,0,,,1.271634451827809
BEV2_2025-02-24_drive1.csv,future,0,False,False,False,0,,,1.1573813516416795
BEV2_2025-02-24_drive2.csv,future,1,True,False,False,0,85.22277777777778,85.22277777777778,0.0242096489542456
BEV2_2025-02-26_drive1.csv,future,0,False,False,False,0,,,1.2273510313313534
BEV2_2025-02-26_drive2.csv,future,0,False,False,False,0,,,83.0393485182459
BEV2_2025-02-27_drive1.csv,future,0,False,False,False,0,,,0.559573878861594
BEV2_2025-02-27_drive2.csv,future,0,False,False,False,0,,,6.179687399146404
BEV2_2025-02-27_drive3.csv,future,0,False,False,False,0,,,4.013509123211172
BEV2_2025-02-27_drive4.csv,future,1,True,False,False,1,69.93851851851852,69.93851851851852,2.5704360672623
BEV2_2025-02-28_drive1.csv,future,3,True,True,False,2,11.0009375,78.98774305555555,2.282043840957292
BEV2_2025-02-28_drive2.csv,future,0,False,False,False,0,,,1.7733197798327485
BEV2_2025-02-28_drive3.csv,future,0,False,False,False,0,,,2.809637566308657
BEV2_2025-02-28_drive4.csv,future,0,False,False,False,0,,,1.6150847641488602
BEV2_2025-02-28_drive5.csv,future,2,True,False,False,2,79.05466435185186,81.30978009259259,2.540085600100717
BEV2_2025-03-02_drive1.csv,future,0,False,False,False,0,,,2.4791349318421747
BEV2_2025-03-02_drive2.csv,future,4,True,True,False,1,12.81962962962963,55.655034722222226,1.2548304444107372
BEV2_2025-03-02_drive3.csv,future,0,False,False,False,0,,,68.83968881231758
BEV2_2025-03-02_drive4.csv,future,1,True,False,False,1,83.96762731481482,83.96762731481482,6.183128583193825
BEV2_2025-03-02_drive5.csv,future,0,False,False,False,0,,,1.7496063517563034
BEV2_2025-03-02_drive6.csv,future,0,False,False,False,0,,,66.68975231742512
BEV2_2025-03-03_drive1.csv,future,4,True,True,False,0,2.989895833333333,81.9849074074074,2.312406093319985
BEV2_2025-03-03_drive2.csv,future,3,True,True,False,3,2.9413310185185186,84.25797453703704,2.5562606157202064
BEV2_2025-03-04_drive1.csv,future,0,False,False,False,0,,,24.83498474566916
BEV2_2025-03-06_drive1.csv,future,0,False,False,False,0,,,26.68188909033281
BEV2_2025-03-07_drive1.csv,future,5,True,True,True,3,4.013055555555556,86.00357638888889,2.219827446461872
BEV2_2025-03-07_drive2.csv,future,0,False,False,False,0,,,0.0329118431807289
BEV2_2025-03-07_drive3.csv,future,0,False,False,False,0,,,0.2496336054495977
BEV2_2025-03-07_drive4.csv,future,1,True,False,False,1,86.95746527777777,86.95746527777777,2.392304891212861
BEV2_2025-03-07_drive5.csv,future,0,False,False,False,0,,,2.256138954811844
BEV2_2025-03-07_drive6.csv,future,0,False,False,False,0,,,2.504211138130042
BEV2_2025-03-08_drive1.csv,future,0,False,False,False,0,,,3.383162012022533
BEV2_2025-03-08_drive2.csv,future,2,True,False,False,2,0.6856597222222223,87.65208333333334,2.6001117035402483
BEV2_2025-03-08_drive3.csv,future,0,False,False,False,0,,,3.8972730018611887
BEV2_2025-03-08_drive4.csv,future,0,False,False,False,0,,,2.382846578776047
BEV2_2025-03-09_drive1.csv,future,0,False,False,False,0,,,1.9569108899779544
BEV2_2025-03-09_drive2.csv,future,5,True,True,True,3,7.041516203703703,62.70078703703704,1.212876817895685
BEV2_2025-03-09_drive3.csv,future,3,True,True,False,0,83.47864583333333,84.76193287037037,5.03741920529836
BEV2_2025-03-09_drive4.csv,future,1,True,False,False,0,83.98515046296296,83.98515046296296,63.78092448217731
BEV2_2025-03-09_drive5.csv,future,0,False,False,False,0,,,67.78620940930003
BEV2_2025-03-09_drive6.csv,future,0,False,False,False,0,,,1.8475405371279825
BEV2_2025-03-09_drive7.csv,future,0,False,False,False,0,,,2.498582339560066
BEV2_2025-03-10_drive1.csv,future,6,True,True,True,1,2.9641319444444445,88.9741550925926,2.512508474262595
BEV2_2025-03-10_drive2.csv,future,1,True,False,False,0,2.8270370370370372,2.8270370370370372,0.0182366551011973
BEV2_2025-03-10_drive3.csv,future,3,True,True,False,3,6.955393518518519,88.96583333333334,2.5936355897369543
BEV2_2025-03-11_drive1.csv,future,7,True,True,True,4,0.9937962962962963,89.97372685185185,2.272564991171646
BEV2_2025-03-11_drive2.csv,future,4,True,True,False,4,0.949849537037037,89.9255787037037,2.580828018096766
BEV2_2025-03-11_drive3.csv,future,0,False,False,False,0,,,2.644499228218504
BEV2_2025-03-11_drive4.csv,future,0,False,False,False,0,,,2.071276382479281
BEV2_2025-03-11_drive5.csv,future,0,False,False,False,0,,,0.6291609880918104
BEV2_2025-03-12_drive1.csv,future,0,False,False,False,0,,,118.61681416499748
BEV2_2025-03-12_drive2.csv,future,0,False,False,False,0,,,123.5655971141568
BEV2_2025-03-12_drive3.csv,future,0,False,False,False,0,,,1.9353049666435576
BEV2_2025-03-12_drive4.csv,future,2,True,False,False,2,4.419606481481481,5.111423611111111,2.501142728054829
BEV2_2025-03-13_drive1.csv,future,7,True,True,True,1,1.9970486111111112,86.98202546296297,2.432225326271836
BEV2_2025-03-13_drive2.csv,future,4,True,True,False,4,2.0089930555555555,12.88164351851852,2.7635735417119616
BEV2_2025-03-13_drive3.csv,future,0,False,False,False,0,,,70.33462936452685
BEV2_2025-03-13_drive4.csv,future,0,False,False,False,0,,,62.06901902204709
BEV2_2025-03-14_drive1.csv,future,0,False,False,False,0,,,6.291162442372462
BEV2_2025-03-14_drive2.csv,future,2,True,False,False,2,5.972256944444444,6.664074074074074,2.341477175415726
BEV2_2025-03-14_drive3.csv,future,0,False,False,False,0,,,3.4684336244648994
BEV2_2025-03-14_drive4.csv,future,0,False,False,False,0,,,3.672446105570852
BEV2_2025-03-14_drive5.csv,future,0,False,False,False,0,,,2.2462080755627483
BEV2_2025-03-14_drive6.csv,future,5,True,True,True,5,1.0286226851851852,13.918101851851851,2.6119578845735143
BEV2_2025-03-14_drive7.csv,future,2,True,False,False,0,88.86625,89.95703703703704,4.5002356040640175
BEV2_2025-03-14_drive8.csv,future,1,True,False,False,0,88.91604166666667,88.91604166666667,4.805720084240486
BEV2_2025-03-15_drive1.csv,future,0,False,False,False,0,,,3.034250009933908
BEV2_2025-03-15_drive2.csv,future,0,False,False,False,0,,,2.474703221011598
BEV2_2025-03-15_drive3.csv,future,1,True,False,False,1,3.72625,3.72625,2.6929484853382646
BEV2_2025-03-15_drive4.csv,future,1,True,False,False,1,6.625358796296296,6.625358796296296,2.6348895549084443
BEV2_2025-03-15_drive5.csv,future,0,False,False,False,0,,,69.12072680684508
BEV2_2025-03-15_drive6.csv,future,1,True,False,False,1,13.011400462962962,13.011400462962962,6.198239235561769
BEV2_2025-03-15_drive7.csv,future,0,False,False,False,0,,,37.23558665607075
BEV2_2025-03-15_drive8.csv,future,0,False,False,False,0,,,18.55826795629741
BEV2_2025-03-16_drive1.csv,future,1,True,False,False,1,6.566851851851852,6.566851851851852,1.888382997833248
BEV2_2025-03-16_drive2.csv,future,0,False,False,False,0,,,1.285399658639642
BEV2_2025-03-16_drive3.csv,future,0,False,False,False,0,,,1.4636909539090466
BEV2_2025-03-16_drive4.csv,future,1,True,False,False,0,7.007847222222222,7.007847222222222,5.180963657107678
BEV2_2025-03-16_drive5.csv,future,1,True,False,False,0,19.87408564814815,19.87408564814815,0.0357049983400387
BEV2_2025-03-16_drive6.csv,future,0,False,False,False,0,,,26.03957894224698
BEV2_2025-03-16_drive7.csv,future,0,False,False,False,0,,,26.43827858007608
BEV2_2025-03-17_drive1.csv,future,0,False,False,False,0,,,2.127209671715221
BEV2_2025-03-18_drive1.csv,future,0,False,False,False,0,,,72.87751909395857
BEV2_2025-03-18_drive2.csv,future,0,False,False,False,0,,,83.04699708852033
BEV2_2025-03-20_drive1.csv,future,0,False,False,False,0,,,24.39558392901953
BEV2_2025-03-20_drive2.csv,future,0,False,False,False,0,,,61.7625464932263
BEV2_2025-03-22_drive1.csv,future,0,False,False,False,0,,,7.135557482741984
BEV2_2025-03-22_drive2.csv,future,0,False,False,False,0,,,3.3947704482492527
BEV2_2025-03-22_drive3.csv,future,0,False,False,False,0,,,50.36415043096811
BEV2_2025-03-22_drive4.csv,future,0,False,False,False,0,,,43.08424363053743
BEV2_2025-03-23_drive1.csv,future,0,False,False,False,0,,,1.5318047416705314
BEV2_2025-03-23_drive2.csv,future,0,False,False,False,0,,,3.678561909118801
BEV2_2025-03-24_drive1.csv,future,2,True,False,False,0,14.056643518518518,16.884270833333332,0.0142001861854138
BEV2_2025-03-26_drive1.csv,future,0,False,False,False,0,,,51.49785496638743
BEV2_2025-03-28_drive1.csv,future,0,False,False,False,0,,,0.6178635334170043
BEV2_2025-03-28_drive2.csv,future,0,False,False,False,0,,,0.9894054268575728
BEV2_2025-03-28_drive3.csv,future,0,False,False,False,0,,,8.798452443506548
BEV2_2025-03-29_drive1.csv,future,0,False,False,False,0,,,5.8922098288820575
BEV2_2025-03-29_drive2.csv,future,0,False,False,False,0,,,4.12490986722235
BEV2_2025-03-29_drive3.csv,future,0,False,False,False,0,,,63.70855286801565
BEV2_2025-03-30_drive2.csv,future,1,True,False,False,0,16.004837962962963,16.004837962962963,4.507597870278857
BEV2_2025-03-31_drive1.csv,future,0,False,False,False,0,,,0.0869506968592403
BEV2_2025-03-31_drive2.csv,future,0,False,False,False,0,,,6.599638890319478
BEV2_2025-04-01_drive1.csv,future,0,False,False,False,0,,,0.8987702879924191
BEV2_2025-04-01_drive2.csv,future,0,False,False,False,0,,,62.2504685555737
BEV2_2025-04-03_drive1.csv,future,0,False,False,False,0,,,75.22036741807669
BEV2_2025-04-03_drive2.csv,future,0,False,False,False,0,,,81.37424530743942
BEV2_2025-04-04_drive1.csv,future,2,True,False,False,1,19.157141203703702,39.03810185185185,0.0409915464599855
BEV2_2025-04-04_drive2.csv,future,0,False,False,False,0,,,2.994805125678675
BEV2_2025-04-04_drive3.csv,future,0,False,False,False,0,,,1.7404649093030609
BEV2_2025-04-05_drive1.csv,future,0,False,False,False,0,,,7.180646469189158
BEV2_2025-04-05_drive2.csv,future,0,False,False,False,0,,,2.8714598262779525
BEV2_2025-04-06_drive1.csv,future,0,False,False,False,0,,,3.532589801842512
BEV2_2025-04-07_drive1.csv,future,0,False,False,False,0,,,40.98867214568696
BEV2_2025-04-07_drive2.csv,future,0,False,False,False,0,,,72.96677174953442
BEV2_2025-04-10_drive1.csv,future,0,False,False,False,0,,,22.98750402641803
BEV2_2025-04-11_drive1.csv,future,0,False,False,False,0,,,79.11095265856233
BEV2_2025-04-11_drive2.csv,future,0,False,False,False,0,,,67.8519926355048
BEV2_2025-04-11_drive3.csv,future,0,False,False,False,0,,,4.393995419135334
BEV2_2025-04-12_drive1.csv,future,0,False,False,False,0,,,2.3574245190289287
BEV2_2025-04-13_drive1.csv,future,0,False,False,False,0,,,1.0126843336649676
BEV2_2025-04-14_drive1.csv,future,0,False,False,False,0,,,4.095773072314868
BEV2_2025-04-14_drive2.csv,future,0,False,False,False,0,,,23.22134090878403
BEV2_2025-04-14_drive3.csv,future,1,True,False,False,1,29.902071759259258,29.902071759259258,69.13831453726729
BEV2_2025-04-14_drive4.csv,future,0,False,False,False,0,,,2.419186247314097
BEV2_2025-04-14_drive5.csv,future,0,False,False,False,0,,,62.00846755686321
BEV2_2025-04-14_drive6.csv,future,0,False,False,False,0,,,0.8993409685922175
BEV2_2025-04-15_drive1.csv,future,0,False,False,False,0,,,0.7178545950412827
BEV2_2025-04-16_drive1.csv,future,1,True,False,False,1,14.826030092592593,14.826030092592593,0.8953772575868865
BEV2_2025-04-16_drive2.csv,future,0,False,False,False,0,,,73.04904804594348
BEV2_2025-04-17_drive1.csv,future,0,False,False,False,0,,,55.22397528755913
BEV2_2025-04-17_drive2.csv,future,0,False,False,False,0,,,70.0683700376162
BEV2_2025-04-17_drive3.csv,future,0,False,False,False,0,,,61.25414890232785
BEV2_2025-04-17_drive5.csv,future,0,False,False,False,0,,,65.80729214358725
BEV2_2025-04-18_drive1.csv,future,0,False,False,False,0,,,1.4551903900927528
BEV2_2025-04-22_drive1.csv,future,0,False,False,False,0,,,73.41358820310695
BEV2_2025-04-22_drive2.csv,future,0,False,False,False,0,,,69.82490123980928
BEV2_2025-04-22_drive4.csv,future,0,False,False,False,0,,,0.4983097246386507
BEV2_2025-04-23_drive1.csv,future,0,False,False,False,0,,,14.094295174649377
BEV2_2025-04-25_drive1.csv,future,0,False,False,False,0,,,4.3947562641922655
BEV2_2025-04-25_drive2.csv,future,0,False,False,False,0,,,27.99395941595957
BEV2_2025-04-25_drive3.csv,future,0,False,False,False,0,,,0.5213677548385437
BEV2_2025-04-26_drive1.csv,future,0,False,False,False,0,,,40.73399390499024
BEV2_2025-04-26_drive2.csv,future,0,False,False,False,0,,,39.45562953739973
BEV2_2025-04-26_drive3.csv,future,0,False,False,False,0,,,11.37986120434242
BEV2_2025-04-27_drive1.csv,future,3,True,True,False,1,48.94538194444444,68.81530092592592,1.5442335395609248
BEV2_2025-04-27_drive2.csv,future,4,True,True,False,2,0.045,68.86561342592593,1.055098358455509
BEV2_2025-04-27_drive3.csv,future,1,True,False,False,0,1.7192708333333333,1.7192708333333333,0.3450208695844796
BEV2_2025-04-27_drive4.csv,future,0,False,False,False,0,,,0.9920201034141184
BEV2_2025-04-27_drive5.csv,future,5,True,True,True,3,0.08362268518518519,68.95371527777777,1.0574531248537455
BEV2_2025-04-29_drive1.csv,future,0,False,False,False,0,,,1.568154411739033
BEV2_2025-04-29_drive2.csv,future,0,False,False,False,0,,,0.6872922378775063
BEV2_2025-04-30_drive1.csv,future,0,False,False,False,0,,,45.34022457847651
BEV1_2025-05-23_drive1.csv,future,0,False,False,False,0,,,1.1699817125000902
BEV1_2025-05-23_drive2.csv,future,0,False,False,False,0,,,62.2947718813456
BEV1_2025-05-23_drive3.csv,future,0,False,False,False,0,,,8.349377412882024
BEV1_2025-05-23_drive4.csv,future,0,False,False,False,0,,,8.38844362040365
BEV1_2025-05-24_drive1.csv,future,0,False,False,False,0,,,6.950714050424244
BEV1_2025-05-24_drive2.csv,future,0,False,False,False,0,,,4.886095162930911
BEV1_2025-05-24_drive3.csv,future,0,False,False,False,0,,,4.703239813647174
BEV1_2025-05-24_drive4.csv,future,0,False,False,False,0,,,4.497189036933831
BEV1_2025-05-25_drive1.csv,future,0,False,False,False,0,,,23.550604141502767
BEV1_2025-05-25_drive2.csv,future,0,False,False,False,0,,,23.805327542020443
BEV1_2025-05-26_drive1.csv,future,0,False,False,False,0,,,21.56817048354983
BEV1_2025-05-26_drive2.csv,future,0,False,False,False,0,,,23.098224110658727
BEV1_2025-05-26_drive3.csv,future,0,False,False,False,0,,,1.9454167111463687
BEV1_2025-05-26_drive4.csv,future,0,False,False,False,0,,,12.927089666352051
BEV1_2025-05-26_drive5.csv,future,0,False,False,False,0,,,12.467868001452374
BEV1_2025-05-27_drive1.csv,future,1,True,False,False,1,0.9784375,0.9784375,21.322688898598035
